Workbook

Sheet Items
D2: OH | E2: Cards
B3: 11-100 | C3: Dust Cap, Lubed 1.99 for 2-3.5K axle. Includes plug. GENUINE AXLETEK
B4: 11-105 | C4: Dust Cap, Lubed 2.44 for 5.2-6K axle. Includes plug. GENUINE AXLETEK
B5: 11-110 | C5: Dust Cap, Lubed 2.72 for 7-8K axle. Includes plug. GENUINE AXLETEK
B6: 11-115 | C6: Dust Cap, 1.99 for 2-3.5K axle. GENUINE AXLETEK
B7: 11-120 | C7: Dust Cap, 2.44 for 5.2-6K axle. GENUINE AXLETEK
B8: 11-125 | C8: Dust Cap, 2.72 for 7-8K axle. GENUINE AXLETEK
B9: 11-130 | C9: Dust Cap, replacement rubber plug. GENUINE AXLETEK
B10: 11-850 | C10: Grease Seal Kit 2K 1.25” I.D. GENUINE AXLETEK
B11: 11-855 | C11: Grease Seal Kit 2K 1.50” I.D. GENUINE AXLETEK
B12: 11-860 | C12: Grease Seal Kit 3.5K 1.719” I.D. GENUINE AXLETEK
B13: 11-865 | C13: Grease Seal Kit 5.2-8K 2.25” I.D. GENUINE AXLETEK
B14: 11-870 | C14: Grease Seal Kit 5-8K 2.125” I.D. GENUINE AXLETEK
... B60: 21-895 | C60: Shackle Strap 3.125" hole center PK/4 - GENUINE AXLETEK
B62: 409
B63: 277
B64: 206

Sheet Private Pkg_AxleTek
B1: AFTMKT # | C1: Former AxleTek # Listed for Reference | D1: Category | E1: Sub | F1: Description | G1: QTY Inc | H1: Box/Carton QTY | I1: Pallet QTY | J1: 2025 Confirmed Costs | K1: in catalog
A2: 10 | B2: 10-824 | C2: KBE-363-00 | D2: Brake Part | E2: Spring | F2: GENUINE AXLETEK RETURN SPRING KIT FOR 10 x 2-1/4 and 12 x 2" electric brakes without parking feature | G2: 1 | H2: 30 | I2: 1200 | J2: 0.51
A3: 10 | B3: 10-825 | C3: KBE-353-00 | D3: Brake Part | E3: Clip | F3: GENUINE AXLETEK HOLD-DOWN KIT ELECTRIC BRAKES | G3: 1 | H3: 50 | I3: 2000 | J3: 0.58
A4: 11 | B4: 10-826 | C4: KBE-324-00 | D4: Brake Part | E4: Adjuster Screw | F4: GENUINE AXLETEK BRAKE ADJ SCREW KIT, 10 x 1-1/2", 10 x 2-1/4" hydraulic and electric, and 12 x 2" electric brakes | G4: 1 | H4: 30 | I4: 1200 | J4: 0.59
A5: 11 | B5: 10-827 | C5: KBE-323-00 | D5: Brake Part | E5: Repair Parts | F5: GENUINE AXLETEK BRAKE ADJ SCREW KIT, 7" ELECTRIC BRAKE | G5: 1 | H5: 30 | I5: 1200 | J5: 0.43
A6: 11 | B6: 11-808 | C6: K-14125A/14276 | D6: Hub | E6: Bearings | F6: GENUINE AXLETEK 7K OUTER/INNER BEARING 12" HUB | G6: 1 | H6: 50 | I6: 2000 | J6: 2.28
A7: 11 | B7: 11-811 | C7: K-15123/245 | D7: Hub | E7: Bearings | F7: GENUINE AXLETEK 6K INNER BEARING 15245/15123 | G7: 1 | H7: 50 | I7: 2000 | J7: 2.12
A8: 12 | B8: 11-812 | C8: K-L44649/10 | D8: Hub | E8: Bearings | F8: GENUINE AXLETEK 3.5K BEARING L44610/L44649 | G8: 1 | H8: 80 | I8: 2400 | J8: 1.33
A9: 12 | B9: 11-813 | C9: K-25580/20 | D9: Hub | E9: Bearings | F9: GENUINE AXLETEK 5.2,6,7&8K BEARING 25520/25580 | G9: 1 | H9: 30 | I9: 1200 | J9: 2.65
A10: 12 | B10: 11-814 | C10: K-LM67048/10 | D10: Hub | E10: Bearings | F10: GENUINE AXLETEK INR/OTR BEARNG LM67010/LM67048 | G10: 1 | H10: 80 | I10: 3200 | J10: 1.53
A11: 12 | B11: 11-815 | C11: K-LM68149/11 | D11: Hub | E11: Bearings | F11: GENUINE AXLETEK INR/OTR BEARNG LM68149/11 | G11: 1 | H11: 80 | I11: 3200 | J11: 1.5
A12: 12 | B12: 11-830 | C12: KBE-321-00 | D12: Brake Part | E12: Magnet | F12: GENUINE AXLETEK MAGNET RETAINING CLIPS (3.5K-7.2K Electric Brakes) PAK/10 | G12: 1 | H12: 80 | I12: 3200 | J12: 0.4
A13: 12 | B13: 11-850 | D13: Hub & Drum | E13: Seal | F13: GENUINE AXLETEK Grease Seal Kit 2K 1.25” I.D.
A14: 12 | B14: 11-855 | D14: Hub & Drum | E14: Seal | F14: GENUINE AXLETEK Grease Seal Kit 2K 1.50” I.D.
A15: 12 | B15: 11-860 | D15: Hub & Drum | E15: Seal | F15: GENUINE AXLETEK Grease Seal Kit 3.5K 1.719” I.D.
A16: 12 | B16: 11-865 | D16: Hub & Drum | E16: Seal | F16: GENUINE AXLETEK Grease Seal Kit 5.2-8K 2.25” I.D.
A17: 12 | B17: 11-870 | D17: Hub & Drum | E17: Seal | F17: GENUINE AXLETEK Grease Seal Kit 5-8K 2.125” I.D.
A18: 12 | B18: 11-875 | D18: Hub & Drum | E18: Seal | F18: GENUINE AXLETEK Oil Bath Seal Kit 7-8K 2.25” I.D. 10-63
A19: 12 | B19: 11-880 | D19: Hub & Drum | E19: Seal | F19: GENUINE AXLETEK Oil Bath Seal Kit 10K 2.875” I.D.
A20: 12 | B20: 11-885 | D20: Hub & Drum | E20: Seal | F20: GENUINE AXLETEK Oil Bath Seal Kit RED 10K 2.875” I.D. 10-51
A21: 13 | B21: 11-890 | D21: Hub & Drum | E21: Seal | F21: GENUINE AXLETEK Oil Bath Seal Kit 12K 3.125 I.D. 10-56
A22: 14 | B22: 12-784 | C22: KB10H-42 | D22: Brake Assy | E22: Hydraulic | F22: GENUINE AXLETEK 3.5K 10 X 2 1/4 RH Hydraulic Brake; Uni-Servo; E-Coat - BOXED | G22: 1 | H22: 1 | I22: 144 | J22: 12.36
A23: 15 | B23: 12-785 | C23: KB10H-41 | D23: Brake Assy | E23: Hydraulic | F23: GENUINE AXLETEK 3.5K 10 X 2 1/4 LH Hydraulic Brake; Uni-Servo; E-Coat - BOXED | G23: 1 | H23: 1 | I23: 144 | J23: 12.36
A24: 15 | B24: 12-786 | C24: KB12H-41 | D24: Brake Assy | E24: Hydraulic | F24: GENUINE AXLETEK 7.0K 12 X 2 LH Hydraulic Brake; Uni-Servo; E-Coat - BOXED | G24: 1 | H24: 1 | I24: 108 | J24: 13.92
A25: 15 | B25: 12-787 | C25: KB12H-42 | D25: Brake Assy | E25: Hydraulic | F25: GENUINE AXLETEK 7.0K 12 X 2 RH Hydraulic Brake; Uni-Servo; E-Coat - BOXED | G25: 1 | H25: 1 | I25: 108 | J25: 13.92
A26: 17 | B26: 12-788 | C26: KB7E-02 | D26: Brake Assy | E26: Electric | F26: GENUINE AXLETEK 2.0K 7 X 1 1/4 RH Electric Brake; Std Wire (White) - BOXED | G26: 1 | H26: 1 | I26: 540 | J26: 9.39 | M26: =J26*1.75 -> 16.4325 | N26: =M26/0.75 -> 21.91
A27: 17 | B27: 12-789 | C27: KB7E-01 | D27: Brake Assy | E27: Electric | F27: GENUINE AXLETEK 2.0K 7 X 1 1/4 LH Electric Brake; Std Wire (White) - BOXED | G27: 1 | H27: 1 | I27: 540 | J27: 9.39
A28: 17 | B28: 12-793 | C28: KB10E-01 | D28: Brake Assy | E28: Electric | F28: GENUINE AXLETEK 3.5K 10 X 2 1/4 LH Electric Brake; Std Wire (Green) - BOXED | G28: 1 | H28: 1 | I28: 144 | J28: 10.66
A29: 17 | B29: 12-794 | C29: KB10E-02 | D29: Brake Assy | E29: Electric | F29: GENUINE AXLETEK 3.5K 10 X 2 1/4 RH Electric Brake; Std Wire (Green) - BOXED | G29: 1 | H29: 1 | I29: 144 | J29: 10.66
A30: 17 | B30: 12-795 | C30: KB10EA-21 | D30: Brake Assy | E30: Electric FSA | F30: GENUINE AXLETEK 3.5K 10 X 2 1/4 LH Electric Brake; Self Adjust; Std Wire (Green), Mounting Hdwe - BOXED | G30: 1 | H30: 1 | I30: 144 | J30: 11.67
B31: 12-796 | C31: KB10EA-22 | D31: Brake Assy | E31: Electric FSA | F31: GENUINE AXLETEK 3.5K 10 X 2 1/4 RH Electric Brake; Self Adjust; Std Wire (Green), Mounting Hdwe - BOXED | G31: 1 | H31: 1 | I31: 144 | J31: 11.67
B32: 12-797 | C32: KB12E-01 | D32: Brake Assy | E32: Electric | F32: GENUINE AXLETEK 7.0K 12 X 2 LH Electric Brake; Std Wire (Black) - BOXED | G32: 1 | H32: 1 | I32: 108 | J32: 12.51
B33: 12-798 | C33: KB12E-02 | D33: Brake Assy | E33: Electric | F33: GENUINE AXLETEK 7.0K 12 X 2 RH Electric Brake; Std Wire (Black) - BOXED | G33: 1 | H33: 1 | I33: 108 | J33: 12.51
B34: 12-799 | C34: KB12E-03 | D34: Brake Assy | E34: Electric | F34: GENUINE AXLETEK 6.0K 12 X 2 LH Electric Brake; Std Wire (White) - BOXED | G34: 1 | H34: 1 | I34: 108 | J34: 12.51
B35: 12-800 | C35: KB12E-04 | D35: Brake Assy | E35: Electric | F35: GENUINE AXLETEK 6.0K 12 X 2 RH Electric Brake; Std Wire (White) - BOXED | G35: 1 | H35: 1 | I35: 108 | J35: 12.51
B36: 12-801 | C36: KB12EA-23 | D36: Brake Assy | E36: Electric FSA | F36: GENUINE AXLETEK 6.0K 12 X 2 LH Electric Brake; Self Adjust; Std Wire (White) - BOXED | G36: 1 | H36: 1 | I36: 108 | J36: 13.3
A37: 17 | B37: 12-802 | C37: KB12EA-24 | D37: Brake Assy | E37: Electric FSA | F37: GENUINE AXLETEK 6.0K 12 X 2 RH Electric Brake; Self Adjust; Std Wire (White) - BOXED | G37: 1 | H37: 1 | I37: 108 | J37: 13.3
A38: 17 | B38: 12-803 | C38: KB12EA-21 | D38: Brake Assy | E38: Electric FSA | F38: GENUINE AXLETEK 7.0K 12 X 2 LH Electric Brake; Self Adjust; Std Wire (Black), Mounting Hdwe- BOXED | G38: 1 | H38: 1 | I38: 108 | J38: 13.3
A39: 17 | B39: 12-804 | C39: KB12EA-22 | D39: Brake Assy | E39: Electric FSA | F39: GENUINE AXLETEK 7.0K 12 X 2 RH Electric Brake; Self Adjust; Std Wire (Black), Mounting Hdwe - BOXED | G39: 1 | H39: 1 | I39: 108 | J39: 13.3
A40: 19 | B40: 12-805 | C40: KB10H-73 | D40: Brake Assy | E40: Hydraulic | F40: GENUINE AXLETEK 3.5K 10 X 2 1/4 LH Hydraulic Brake; Free-Backing; Dacromet; AL Cylinder: SS Springs - BOXED | G40: 1 | H40: 1 | I40: 144 | J40: 15.59
A41: 19 | B41: 12-806 | C41: KB10H-74 | D41: Brake Assy | E41: Hydraulic | F41: GENUINE AXLETEK 3.5K 10 X 2 1/4 RH Hydraulic Brake; Free-Backing; Dacromet; AL Cylinder: SS Springs - BOXED | G41: 1 | H41: 1 | I41: 144 | J41: 15.59
A42: 19 | B42: 12-807 | C42: KB12H-73 | D42: Brake Assy | E42: Hydraulic | F42: GENUINE AXLETEK 7.0K 12 X 2 LH Hydraulic Brake; Free-Backing; Dacromet; AL Cylinder: SS Springs - BOXED | G42: 1 | H42: 1 | I42: 108 | J42: 17.4
A43: 19 | B43: 12-808 | C43: KB12H-74 | D43: Brake Assy | E43: Hydraulic | F43: GENUINE AXLETEK 7.0K 12 X 2 RH Hydraulic Brake; Free-Backing; Dacromet; AL Cylinder: SS Springs - BOXED | G43: 1 | I43: 108 | J43: 17.4
A44: 19 | B44: 12-809 | C44: KB10H-51 | D44: Brake Assy | E44: Hydraulic | F44: GENUINE AXLETEK 3.5K 10 X 2 1/4 LH Hydraulic Brake; Free-Backing - BOXED | G44: 1 | H44: 1 | I44: 144 | J44: 13.2
B45: 12-810 | C45: KB10H-52 | D45: Brake Assy | E45: Hydraulic | F45: GENUINE AXLETEK 3.5K 10 X 2 1/4 RH Hydraulic Brake; Free-Backing- BOXED | G45: 1 | H45: 1 | I45: 144 | J45: 13.2
B46: 12-811 | C46: KB12H-51 | D46: Brake Assy | E46: Hydraulic | F46: GENUINE AXLETEK 7.0K 12 X 2 LH Hydraulic Brake; Free-Backing - BOXED | G46: 1 | H46: 1 | I46: 108 | J46: 15.47
B47: 12-812 | C47: KB12H-52 | D47: Brake Assy | E47: Hydraulic | F47: GENUINE AXLETEK 7.0K 12 X 2 RH Hydraulic Brake; Free-Backing - BOXED | G47: 1 | H47: 1 | I47: 108 | J47: 15.47
B48: 12-813 | F48: GENUINE AXLETEK 3.5K 10 X 2 1/4 LH Electric Brake; Std Wire (Green); Galvanized - BOXED
B49: 12-814 | F49: GENUINE AXLETEK 3.5K 10 X 2 1/4 RH Electric Brake; Std Wire (Green); Galvanized - BOXED
B50: 12-815 | F50: GENUINE AXLETEK 7.0K 12 X 2 LH Electric Brake; Std Wire (Black); Galvanized - BOXED
A51: 19 | B51: 12-816 | F51: GENUINE AXLETEK 7.0K 12 X 2 RH Electric Brake; Std Wire (Black); Galvanized - BOXED
B52: 12-830 | D52: Brake Assy | E52: Electric FSA | F52: GENUINE AXLETEK 8.0K 12-1/4 X 3-3/8 LH Electric Brake; 4-Hole; Self Adjust, Mounting Hdwe, Dust Shield - BOXED | G52: 1 | H52: 1 | I52: 63 | J52: 25.18
B53: 12-831 | D53: Brake Assy | E53: Electric FSA | F53: GENUINE AXLETEK 8.0K 12-1/4 X 3-3/8 RH Electric Brake; 4-Hole; Self Adjust, Mounting Hdwe, Dust Shield - BOXED | G53: 1 | H53: 1 | I53: 63 | J53: 25.18
B54: 12-832 | D54: Brake Assy | E54: Electric FSA | F54: GENUINE AXLETEK 10.0K 12-1/4 X 3-3/8 LH Electric Brake; 7-Hole; Self Adjust, Mounting Hdwe, Dust Shield - BOXED | G54: 1 | H54: 1 | I54: 63 | J54: 25.74
B55: 12-833 | D55: Brake Assy | E55: Electric FSA | F55: GENUINE AXLETEK 10.0K 12-1/4 X 3-3/8 RH Electric Brake; 7-Hole; Self Adjust, Mounting Hdwe, Dust Shield - BOXED | G55: 1 | H55: 1 | I55: 63 | J55: 25.74
B56: 12-834 | D56: Brake Assy | E56: Electric FSA | F56: GENUINE AXLETEK 12.0K 12-1/4 X 5 LH Electric Brake; 7-Hole; Self Adjust, Mounting Hdwe, Dust Shield - BOXED | G56: 1 | H56: 1 | I56: 63 | J56: 28.62
B57: 12-835 | D57: Brake Assy | E57: Electric FSA | F57: GENUINE AXLETEK 12.0K 12-1/4 X 5 rH Electric Brake; 7-Hole; Self Adjust, Mounting Hdwe, Dust Shield - BOXED | G57: 1 | H57: 1 | I57: 63 | J57: 28.62
B58: 12-901 | F58: 3,500 LB Disc Brake Conversion Kit, Includes: Rotor, Caliper, Brake Pads, Bracket, Guide Bolts, Bearings, Bearing Protector, Grease Seal, Flat Washer, Spindle Nut and Cotter Pin (ALT# K2HR35D)
B59: 12-902 | F59: 5,200LB - 6,000LB Disc Brake Conversion Kit, Includes: Rotor, Caliper, Brake Pads, Bracket, Guide Bolts, Bearings, Bearing Protector, Grease Seal, Flat Washer, Spindle Nut and Cotter Pin (ALT# K2HR526D)
B60: 13-817 | C60: KB7E-06 | D60: Brake Part | E60: Magnet | F60: GENUINE AXLETEK 7" MAGNET KIT (2K) BRAKE | G60: 1 | H60: 30 | I60: 960 | J60: 2.07
B61: 13-818 | C61: KB10E-06 | D61: Brake Part | E61: Magnet | F61: GENUINE AXLETEK MAGNET KIT FOR 10" (3.5K) BRAKES | G61: 1 | H61: 30 | I61: 960 | J61: 2.47
B62: 13-819 | C62: KB12E-06 | D62: Brake Part | E62: Magnet | F62: GENUINE AXLETEK 12" MAGNET KIT (5.2K-7K) BRAKE | G62: 1 | H62: 30 | I62: 960 | J62: 2.63
B63: 14-828 | C63: K-DL-172-03 | D63: Hub | E63: Seal | F63: GENUINE AXLETEK GREASE SEALS, PAK/2 DL-172-03 | G63: 1 | H63: 30 | I63: 1200 | J63: 0.64
B64: 14-829 | C64: K-DL-225-03 | D64: Hub | E64: Seal | F64: GENUINE AXLETEK GREASE SEALS, PAK/2 DL-225-03 | G64: 1 | H64: 30 | I64: 1200 | J64: 0.73
B65: 15-816 | C65: KB7E-05 | D65: Brake | E65: Shoes | F65: GENUINE AXLETEK ELECTRIC BRAKE SHOE/LINING KIT FOR 7" (2K) BRAKE | G65: 1 | H65: 1 | I65: 918 | J65: 3.11
B66: 15-820 | C66: KB12E-05 | D66: Brake | E66: Shoes | F66: GENUINE AXLETEK ELECTRIC BRAKE SHOE/LINING KIT FOR 5.2K-7K BRAKE | G66: 1 | H66: 1 | I66: 180 | J66: 5.24
B67: 15-821 | C67: KB10E-05 | D67: Brake | E67: Shoes | F67: GENUINE AXLETEK ELECTRIC BRAKE SHOE/LINING KIT FOR 10" (3.5K) | G67: 1 | H67: 1 | I67: 180 | J67: 4.66
B68: 15-822 | C68: KB10H-05 | D68: Brake | E68: Shoes | F68: GENUINE AXLETEK 3.5K 10 X 2 1/4 Hydraulic BRAKE SHOE KIT 10" HYD | G68: 1 | H68: 1 | I68: 120 | J68: 8.97
B69: 15-823 | C69: KB12H-05 | D69: Brake | E69: Shoes | F69: GENUINE AXLETEK 7.0K 12 X 2 RH Hydraulic Brake SHOE KIT 12" HYD | G69: 1 | H69: 1 | I69: 120 | J69: 11.06
B70: 16-100 | C70: KH-100-08 | D70: Hub & Drum | E70: Hub Complete | F70: GENUINE AXLETEK IDLER HUB 4-4.40 BC 2000# Kit, Bearings, Seals, 2-Dust Caps Standard & EZ-Lube, Wheel Nuts - Boxed & Bagged | J70: 6.23
B71: 16-105 | C71: KH-150-08 | D71: Hub & Drum | E71: Hub Complete | F71: GENUINE AXLETEK IDLER HUB 5-4.50 BC 2000# Kit, Bearings, Seals, 2-Dust Caps Standard & EZ-Lube, Wheel Nuts - Boxed & Bagged | J71: 6.39
B72: 16-110 | C72: KH-545-08 | D72: Hub & Drum | E72: Hub Complete | F72: GENUINE AXLETEK IDLER HUB 5-4.50 BC 3500# Kit, Bearings, Seals, 2-Dust Caps Standard & EZ-Lube, Wheel Nuts - Boxed & Bagged | J72: 7.21
B73: 16-115 | C73: KH-550-08 | D73: Hub & Drum | E73: Hub Complete | F73: GENUINE AXLETEK IDLER HUB 5-5.50 BC 3500# Kit, Bearings, Seals, 2-Dust Caps Standard & EZ-Lube, Wheel Nuts - Boxed & Bagged | J73: 7.21
B74: 16-120 | C74: KH-555-08 | D74: Hub & Drum | E74: Hub Complete | F74: GENUINE AXLETEK IDLER HUB 5-5.55 BC 3500# Kit, Bearings, Seals, 2-Dust Caps Standard & EZ-Lube, Wheel Nuts - Boxed & Bagged | J74: 7.54
B75: 16-125 | C75: KH-5475-08 | D75: Hub & Drum | E75: Hub Complete | F75: GENUINE AXLETEK IDLER HUB 5-4.75 BC 3500# Kit, Bearings, Seals, 2-Dust Caps Standard & EZ-Lube, Wheel Nuts - Boxed & Bagged | J75: 7.21
B76: 16-130 | C76: KH-749-08 | D76: Hub & Drum | E76: Hub Complete | F76: GENUINE AXLETEK IDLER HUB 6-5.50 BC 3500# Kit, Bearings, Seals, 2-Dust Caps Standard & EZ-Lube, Wheel Nuts - Boxed & Bagged | J76: 8.1
B77: 16-135 | C77: KH-655-08 | D77: Hub & Drum | E77: Hub Complete | F77: GENUINE AXLETEK IDLER HUB 6-5.50 BC 6000# Kit, Bearings, Seals, 2-Dust Caps Standard & EZ-Lube, Wheel Nuts - Boxed & Bagged | J77: 11.67
B78: 16-140 | C78: KH-865-08 | D78: Hub & Drum | E78: Hub Complete | F78: GENUINE AXLETEK IDLER HUB 8-5.50 BC 7000# Kit, Bearings, Seals, 2-Dust Caps Standard & EZ-Lube, Wheel Nuts - Boxed & Bagged | J78: 14.3
B79: 17-100 | C79: KH-100-09 | D79: Hub & Drum | E79: Hub Pre-Greased | F79: GENUINE AXLETEK IDLER HUB 4-4.00 BC 2000# Kit, Bearings, Seal, Lube Dust Cap & Plug, Wheel Nuts, Hdwe, Pre-Greased - Boxed | J79: 6.56
B80: 17-105 | C80: KH-150-09 | D80: Hub & Drum | E80: Hub Pre-Greased | F80: GENUINE AXLETEK IDLER HUB 5-4.50 BC 2000# Kit, Bearings, Seal, Lube Dust Cap & Plug, Wheel Nuts, Hdwe, Pre-Greased - Boxed | J80: 6.73
B81: 17-110 | C81: KH-545-09 | D81: Hub & Drum | E81: Hub Pre-Greased | F81: GENUINE AXLETEK IDLER HUB 5-4.50 BC 3500# Kit, Bearings, Seal, Lube Dust Cap & Plug, Wheel Nuts, Hdwe, Pre-Greased - Boxed | J81: 7.55
... B92: 17-160 | C92: KH-151-09BT8 | D92: Hub & Drum | E92: Hub Pre-Greased | F92: GENUINE AXLETEK IDLER HUB 5-4.50 BC 2000# Kit, Large Flange, BT8, Bearings, Seals, 2-Dust Caps Standard & EZ-Lube, Wheel Nuts, Pre-Greased - Boxed | J92: 7.21
B93: 17-165 | D93: Hub & Drum | E93: Hub Pre-Greased | F93: GENUINE AXLETEK IDLER HUB 5-4.50 BC 2000# Kit, Large Flange, BTR, Bearings, Seals, 2-Dust Caps Standard & EZ-Lube, Wheel Nuts, Pre-Greased - Boxed | J93: 7.21
B94: 17-170 | D94: Hub & Drum | E94: Hub Pre-Greased | F94: GENUINE AXLETEK IDLER HUB 4-4.40 BC 2000# Kit, BT8, Bearings, Seals, Lube Dust Cap & Plug, Wheel Nuts, Hdwe, Pre-Greased - Boxed | J94: 6.56
B95: 17-175 | D95: Hub & Drum | E95: Hub Pre-Greased | F95: GENUINE AXLETEK IDLER HUB 4-4.40 BC 2000# Kit, BTR, Bearings, Seals, Lube Dust Cap & Plug, Wheel Nuts, Hdwe, Pre-Greased - Boxed | J95: 6.56
B96: 17-310 | C96: KH-545-97 | D96: Hub & Drum | E96: Hub Pre-Greased | F96: GENUINE AXLETEK IDLER HUB 5-4.50 BC GALVANIZED - 3500# Kit, Bearings, Seals, Lube Dust Cap, Wheel Nuts, Hdwe, Pre-Greased with 80% Lithium Marine Grease - Boxed | J96: 9.69
B97: 17-335 | C97: KH-655-97 | D97: Hub & Drum | E97: Hub Pre-Greased | F97: KH-655-97 (BOXED Idler 655 Galvanized, ½-20 Clear Zinc Studs, Bearing Cups, Bearing Cone, RUBBER double lip seal, 2-Dust Caps Standard & EZ-Lube, Wheel Nuts80% Lithium Marine grease, protective covers)DLR-225-03 | J97: 16.24
B98: 17-340 | C98: KH-865-97 | D98: Hub & Drum | E98: Hub Pre-Greased | F98: KH-865-97 (BOXED Idler 865 Galvanized, ½-20 Clear Zinc Studs, Bearing Cups, Bearing Cone, RUBBER double lip seal, 2-Dust Caps Standard & EZ-Lube, Wheel Nuts80% Lithium Marine grease, protective covers)DLR-225-03 | J98: 20.24
B99: 17-500 | C99: KH-608S-19 | D99: Hub & Drum | E99: Hub Pre-Greased | F99: GENUINE AXLETEK IDLER HUB 8-8.00 BC 6000# Kit, Bearings, Seals, 2-Dust Caps Standard & EZ-Lube, Wheel Nuts, Pre-Greased - Boxed | G99: 1 | H99: 64 | I99: 19
B100: 18-100 | C100: KBD3-545-18 | D100: Hub & Drum | E100: Drum Complete | F100: GENUINE AXLETEK 10" BRAKE DRUM 5-4.50 BC 3500# Kit, Bearings, Seals, 2-Dust Caps Standard & EZ-Lube, Wheel Nuts - Boxed & Bagged | J100: 12.47
B101: 18-105 | C101: KBD3-5475-18 | D101: Hub & Drum | E101: Drum Complete | F101: GENUINE AXLETEK 10" BRAKE DRUM 5-4.75 BC 3500# Kit, Bearings, Seals, 2-Dust Caps Standard & EZ-Lube, Wheel Nuts - Boxed & Bagged | J101: 12.47
B102: 18-110 | C102: KBD3-550-18 | D102: Hub & Drum | E102: Drum Complete | F102: GENUINE AXLETEK 10" BRAKE DRUM 5-5.50 BC 3500# Kit, Bearings, Seals, 2-Dust Caps Standard & EZ-Lube, Wheel Nuts - Boxed & Bagged | J102: 12.47
B103: 18-115 | C103: KBD-555-18 | D103: Hub & Drum | E103: Drum Complete | F103: GENUINE AXLETEK 10" BRAKE DRUM 5-5.55 BC 3500# Kit, Bearings, Seals, 2-Dust Caps Standard & EZ-Lube, Wheel Nuts - Boxed & Bagged | J103: 13.32
B104: 18-120 | C104: KBD3-65535-18 | D104: Hub & Drum | E104: Drum Complete | F104: GENUINE AXLETEK 10" BRAKE DRUM 6-5.50 BC 3500# Kit, Bearings, Seals, 2-Dust Caps Standard & EZ-Lube, Wheel Nuts - Boxed & Bagged | J104: 13.83
B105: 18-125 | C105: KBD3-655-18 | D105: Hub & Drum | E105: Drum Complete | F105: GENUINE AXLETEK 12" BRAKE DRUM 6-5.50 BC 6000# Kit, Bearings, Seals, 2-Dust Caps Standard & EZ-Lube, Wheel Nuts - Boxed & Bagged | J105: 18.29
B106: 18-130 | C106: KBD3-865-18 | D106: Hub & Drum | E106: Drum Complete | F106: GENUINE AXLETEK 12" BRAKE DRUM 8-6.50 BC 7000# Kit, 1/2" Studs, Bearings, Seals, 2-Dust Caps Standard & EZ-Lube, Wheel Nuts - Boxed & Bagged | J106: 20.26
B107: 18-135 | C107: KBD3-865-38 | D107: Hub & Drum | E107: Drum Complete | F107: GENUINE AXLETEK 12" BRAKE DRUM 8-6.50 BC 7000# Kit, 9/16" Studs, Bearings, Seals, 2-Dust Caps Standard & EZ-Lube, Wheel Nuts - Boxed & Bagged | J107: 20.68
B108: 18-500 | C108: KBD3-545-18 | D108: Hub & Drum | E108: Drum Complete | F108: GENUINE AXLETEK 10" BRAKE DRUM 5-4.50 BC 3500# Kit, Bearings, Seals, 2-Dust Caps Standard & EZ-Lube, Wheel Nuts - Pre-Greased Bulk | J108: 12.47
B109: 18-505 | C109: KBD3-5475-18 | D109: Hub & Drum | E109: Drum Complete | F109: GENUINE AXLETEK 10" BRAKE DRUM 5-4.75 BC 3500# Kit, Bearings, Seals, 2-Dust Caps Standard & EZ-Lube, Wheel Nuts - Pre-Greased Bulk | J109: 12.47
B110: 18-510 | C110: KBD3-550-18 | D110: Hub & Drum | E110: Drum Complete | F110: GENUINE AXLETEK 10" BRAKE DRUM 5-5.50 BC 3500# Kit, Bearings, Seals, 2-Dust Caps Standard & EZ-Lube, Wheel Nuts - Pre-Greased Bulk | J110: 12.47
...

Sheet BOM_AxleTek
G1: Labor | H1: 0.75
A2: AFTMKT # | B2: Former AxleTek # Listed for Reference | C2: Item # | D2: Parts Included in Kit | E2: Description | F2: GS1 Code | G2: QTY Inc | H2: Cost | I2: 1.15 | J2: Box/Carton QTY | K2: Pallet QTY | L2: 2025 Confirmed Costs | M2: Dealer | N2: Retail | O2: TS Item # | P2: Tractor Supply | Q2: NOTES | R2: SELL | T2: RETAIL | V2: INTERNET
A3: 11-850 | B3: K-DL-125-03 | E3: GENUINE AXLETEK 2K 1.25” I.D. Double Lip Seal PAK/2 DL-125-03 | F3: 810797031398 | G3: 1 | L3: =SUM(I4:I8) -> 2.529 | M3: 4.72 | N3: 8.99 | O3: 1075325 | P3: 24.99 | R3: =L3*1.75 -> 4.42575 | S3: =SUM(R3-L3)/R3 -> 0.42857143 | T3: 6.99 | U3: =SUM(T3-R3)/T3 -> 0.36684549 | V3: 9.7 | W3: =SUM(V3-L3)/V3 -> 0.73927835 | X3: https://www.etrailer.com/Trailer-Bearings-Races-Seals-Caps/TruRyde/RG06-010.html
A4: 12-892 | B4: DL-125-03 | C4: 12-892 | D4: 2) Grease Seal 1.25" ID (DL-125-03) | G4: 2 | H4: =VLOOKUP(C4,Inventory!A:L,12,FALSE) -> 0.28 | I4: =SUM(H4*$I$2)*G4 -> 0.644
A5: RG06-010 | B5: 206TF | C5: 206TF | D5: Clam | G5: 1 | H5: =VLOOKUP(C5,Inventory!A:L,12,FALSE) -> 0.6 | I5: =H5*G5 -> 0.6
C6: 206LABEL | D6: Label | G6: 1 | H6: =VLOOKUP(C6,Inventory!A:L,12,FALSE) -> 0.31 | I6: =H6*G6 -> 0.31
C7: LABOR75 | D7: Labor | G7: 1 | H7: =VLOOKUP(C7,Inventory!A:L,12,FALSE) -> 0.75 | I7: =H7*G7 -> 0.75
D8: Box | G8: 0.25 | H8: 0.9 | I8: =H8*G8 -> 0.225
A10: 11-855 | B10: K-DL-150-03 | E10: GENUINE AXLETEK 2K 1.50” I.D. Double Lip Seal PAK/2 DL-150-03 | F10: 810797031404 | G10: 1 | L10: =SUM(I11:I15) -> 2.529 | M10: 4.72 | N10: 8.99 | R10: =L10*1.75 -> 4.42575 | S10: =SUM(R10-L10)/R10 -> 0.42857143 | T10: 6.99 | U10: =SUM(T10-R10)/T10 -> 0.36684549 | V10: 6.95 | W10: =SUM(V10-L10)/V10 -> 0.63611511 | X10: https://www.etrailer.com/Trailer-Bearings-Races-Seals-Caps/TruRyde/RG06-020.html
A11: 12-860 | B11: DL-150-03 | C11: 12-860 | D11: 2) Grease Seal 1.50" ID (DL-150-03) | G11: 2 | H11: =VLOOKUP(C11,Inventory!A:L,12,FALSE) -> 0.28 | I11: =SUM(H11*$I$2)*G11 -> 0.644 | V11: 8.95 | X11: https://www.lippert.com/lippert-double-lip-grease-seal-2200-lb-brake-idler-hub-assemblies-15in-id-2-pack-2023134653-2023134653?queryID=094563ed1bc9f91f4fc64f2d35287416&objectID=23851&indexName=gwp_d2c_prod_lippert_products
C12: 206TF | D12: Clam | G12: 1 | H12: =VLOOKUP(C12,Inventory!A:L,12,FALSE) -> 0.6 | I12: =H12*G12 -> 0.6
A13: 2023134653 | C13: 206LABEL | D13: Label | G13: 1 | H13: =VLOOKUP(C13,Inventory!A:L,12,FALSE) -> 0.31 | I13: =H13*G13 -> 0.31
A14: RG06-020 | B14: 206TF | C14: LABOR75 | D14: Labor | G14: 1 | H14: =VLOOKUP(C14,Inventory!A:L,12,FALSE) -> 0.75 | I14: =H14*G14 -> 0.75
D15: Box | G15: 0.25 | H15: 0.9 | I15: =H15*G15 -> 0.225
A17: 11-860 | B17: K-DL-172-03 | E17: GENUINE AXLETEK 3.5K 1.719” I.D. Double Lip Seal, PAK/2 DL-172-03 | F17: 810797031411 | G17: 1 | J17: 30 | K17: 1200 | L17: =SUM(I18:I22) -> 2.736 | M17: 4.98 | N17: 9.99 | O17: 1075325 | P17: 24.99 | R17: =L17*1.75 -> 4.788 | S17: =SUM(R17-L17)/R17 -> 0.42857143 | T17: 7.49 | U17: =SUM(T17-R17)/T17 -> 0.36074766 | V17: 7.94 | W17: =SUM(V17-L17)/V17 -> 0.65541562 | X17: https://www.etrailer.com/Trailer-Bearings-Races-Seals-Caps/etrailer/RG06-050.html
A18: 14-828 | B18: DL-172-03 | C18: 12-819 | D18: 2) Grease Seal 1.72" ID (DL-172-03) | G18: 2 | H18: =VLOOKUP(C18,Inventory!A:L,12,FALSE) -> 0.37 | I18: =SUM(H18*$I$2)*G18 -> 0.851 | V18: 8.95 | X18: https://www.lippert.com/lippert-double-lip-grease-seal-3500-to-4400-lb-axles-1719in-id-2-pack-2023134654-2023134654?queryID=5b645c1f2c321dab7e318b7b47656f51&objectID=23853&indexName=gwp_d2c_prod_lippert_products
C19: 206TF | D19: Clam | G19: 1 | H19: =VLOOKUP(C19,Inventory!A:L,12,FALSE) -> 0.6 | I19: =H19*G19 -> 0.6
A20: 2023134654 | C20: 206LABEL | D20: Label | G20: 1 | H20: =VLOOKUP(C20,Inventory!A:L,12,FALSE) -> 0.31 | I20: =H20*G20 -> 0.31
A21: RG06-050 | B21: 206TF | C21: LABOR75 | D21: Labor | G21: 1 | H21: =VLOOKUP(C21,Inventory!A:L,12,FALSE) -> 0.75 | I21: =H21*G21 -> 0.75
D22: Box | G22: 0.25 | H22: 0.9 | I22: =H22*G22 -> 0.225
A24: 11-865 | B24: K-DL-225-03 | E24: GENUINE AXLETEK 5.2-8K 2.25” I.D. Double Lip Seal, PAK/2 DL-225-03 | F24: 810797031428 | G24: 1 | J24: 30 | K24: 1200 | L24: =SUM(I25:I29) -> 3.023 | M24: 5.52 | N24: 10.99 | R24: =L24*1.75 -> 5.29025 | S24: =SUM(R24-L24)/R24 -> 0.42857143 | T24: 7.99 | U24: =SUM(T24-R24)/T24 -> 0.33789111 | V24: 8.34 | W24: =SUM(V24-L24)/V24 -> 0.63752998 | X24: https://www.etrailer.com/Trailer-Bearings-Races-Seals-Caps/TruRyde/RG06-070.html
A25: 14-829 | B25: DL-225-03 | C25: 12-836 | D25: 2) Grease Seal 2.25" ID (DL-225-03) | G25: 2 | H25: =VLOOKUP(C25,Inventory!A:L,12,FALSE) -> 0.46 | I25: =SUM(H25*$I$2)*G25 -> 1.058 | V25: 9.95 | X25: https://www.lippert.com/lippert-double-lip-grease-seal-5200-to-8000-lb-axles-225in-id-2-pack-2023134655-2023134655?queryID=02a41a9c6576b2786b6248520e4c0ac2&objectID=23852&indexName=gwp_d2c_prod_lippert_products
C26: 277TF | D26: Clam | G26: 1 | H26: =VLOOKUP(C26,Inventory!A:L,12,FALSE) -> 0.69 | I26: =H26*G26 -> 0.69
A27: 2023134655 | C27: 277LABEL | D27: Label | G27: 1 | H27: =VLOOKUP(C27,Inventory!A:L,12,FALSE) -> 0.3 | I27: =H27*G27 -> 0.3
A28: RG06-070 | B28: change | C28: LABOR75 | D28: Labor | G28: 1 | H28: =VLOOKUP(C28,Inventory!A:L,12,FALSE) -> 0.75 | I28: =H28*G28 -> 0.75
D29: Box | E29: u-bolt kit | G29: 0.25 | H29: 0.9 | I29: =H29*G29 -> 0.225
A31: 11-870 | B31: K-DL-2125-03 | E31: GENUINE AXLETEK 7-8K 2.125” I.D. Double Lip Seal, PAK/2 DL-2125-03 | F31: 810797031435 | L31: =SUM(I32:I36) -> 1.965 | M31: 5.52 | N31: 10.99 | R31: =L31*1.75 -> 3.43875 | S31: =SUM(R31-L31)/R31 -> 0.42857143 | T31: 7.99 | U31: =SUM(T31-R31)/T31 -> 0.56961827 | V31: 22.03 | W31: =SUM(V31-L31)/V31 -> 0.91080345 | X31: https://www.etrailer.com/Trailer-Bearings-Races-Seals-Caps/TruRyde/RG06-090.html
A32: 12-810 | B32: DL-2125-03 | C32: 12-837 | D32: 2) Grease Seal 2.15" ID (DL-2125-03) | G32: 2 | H32: 0 | I32: =SUM(H32*$I$2)*G32 -> 0
C33: 277TF | D33: Clam | G33: 1 | H33: =VLOOKUP(C33,Inventory!A:L,12,FALSE) -> 0.69 | I33: =H33*G33 -> 0.69
C34: 277LABEL | D34: Label | G34: 1 | H34: =VLOOKUP(C34,Inventory!A:L,12,FALSE) -> 0.3 | I34: =H34*G34 -> 0.3
A35: RG06-090 | B35: 206TF | C35: LABOR75 | D35: Labor | G35: 1 | H35: =VLOOKUP(C35,Inventory!A:L,12,FALSE) -> 0.75 | I35: =H35*G35 -> 0.75
D36: Box | G36: 0.25 | H36: 0.9 | I36: =H36*G36 -> 0.225
A39: 11-875 | B39: K-OB-1063-01 | E39: GENUINE AXLETEK 7-8K 2.25” I.D. Unitized Oil Seal, PAK/2 OB-1063-01 | F39: 810797031442 | L39: =SUM(I40:I44) -> 22.8674 | N39: 44.99 | Q39: eTrailer BULK price for 1 | R39: =L39*1.75 -> 40.01795 | S39: =SUM(R39-L39)/R39 -> 0.42857143 | T39: 49.99 | U39: =SUM(T39-R39)/T39 -> 0.1994809 | V39: 68.85 | W39: =SUM(V39-L39)/V39 -> 0.66786638 | X39: https://www.etrailer.com/Trailer-Bearings-Races-Seals-Caps/Dexter/10-63.html
A40: 12-863 | C40: 12-863 | D40: 2) Oil Seal 2.25" ID (OB-1063-01) | G40: 2 | H40: 7.36 | I40: =SUM(H40*1.42)*G40 -> 20.9024 | V40: 25.95 | X40: https://www.lippert.com/lippert-shaft-oil-seal-5200-8000-lb-axles-225in-id-2-pack-2023134018-2023134018?queryID=d842bd848a12a72931ba35b2812807da&objectID=23891&indexName=gwp_d2c_prod_lippert_products
A41: 10-63 | C41: 277TF | D41: Clam | G41: 1 | H41: =VLOOKUP(C41,Inventory!A:L,12,FALSE) -> 0.69 | I41: =H41*G41 -> 0.69
A42: 2023134018 | C42: 277LABEL | D42: Label | G42: 1 | H42: =VLOOKUP(C42,Inventory!A:L,12,FALSE) -> 0.3 | I42: =H42*G42 -> 0.3
C43: LABOR75 | D43: Labor | G43: 1 | H43: =VLOOKUP(C43,Inventory!A:L,12,FALSE) -> 0.75 | I43: =H43*G43 -> 0.75
D44: Box | G44: 0.25 | H44: 0.9 | I44: =H44*G44 -> 0.225
A46: 11-880 | B46: K-OB-183463 | E46: GENUINE AXLETEK 10K 2.875” I.D. Unitized Oil BLUE Seal, PAK/2 OB-183463 | F46: 810797031459 | G46: 1 | L46: =SUM(I47:I51) -> 24.4294 | N46: 49.99 | Q46: eTrailer BULK price for 1 | R46: =L46*1.75 -> 42.75145 | S46: =SUM(R46-L46)/R46 -> 0.42857143 | T46: 52.99 | U46: =SUM(T46-R46)/T46 -> 0.19321664 | V46: 59.99 | W46: =SUM(V46-L46)/V46 -> 0.59277546
A47: 12-851 | C47: 12-851 | D47: 2) Oil Seal 2.875" ID (OB-183463) | G47: 2 | H47: 7.91 | I47: =SUM(H47*1.42)*G47 -> 22.4644 | V47: 24.95 | X47: https://www.lippert.com/lippert-wheel-end-oil-seal-10000-lb-axles-2875in-id-2-pack-2023134019-2023134019?queryID=100e4c514cd30761a75f2c3f087ba47b&objectID=23850&indexName=gwp_d2c_prod_lippert_products
C48: 277TF | D48: Clam | G48: 1 | H48: =VLOOKUP(C48,Inventory!A:L,12,FALSE) -> 0.69 | I48: =H48*G48 -> 0.69
A49: 2023134019 | C49: 277LABEL | D49: Label | G49: 1 | H49: =VLOOKUP(C49,Inventory!A:L,12,FALSE) -> 0.3 | I49: =H49*G49 -> 0.3
C50: LABOR75 | D50: Labor | G50: 1 | H50: =VLOOKUP(C50,Inventory!A:L,12,FALSE) -> 0.75 | I50: =H50*G50 -> 0.75
D51: Box | G51: 0.25 | H51: 0.9 | I51: =H51*G51 -> 0.225
A53: 11-885 | B53: K-OB-1052-02 | E53: GENUINE AXLETEK 10K 2.875” I.D. Unitized Oil RED Seal, PAK/2 OB-1051-02 | F53: 810797031466 | G53: 1 | L53: =SUM(I54:I58) -> #N/A | M53: 39.897 | N53: 49.99 | Q53: eTrailer BULK price for 1 | R53: =L53*1.75 -> #N/A | S53: =SUM(R53-L53)/R53 -> #N/A | T53: 6.99 | U53: =SUM(T53-R53)/T53 -> #N/A | V53: 60.78 | W53: =SUM(V53-L53)/V53 -> #N/A | X53: https://www.etrailer.com/Trailer-Bearings-Races-Seals-Caps/Redline/10-51.html
A54: 12-852 | D54: 2) Oil Seal RED 2.875" ID (OB-1051-02) | G54: 2 | H54: =VLOOKUP(C54,Inventory!A:L,12,FALSE) -> #N/A | I54: =SUM(H54*1.42)*G54 -> #N/A
A55: 10-52 | C55: 277TF | D55: Clam | G55: 1 | H55: =VLOOKUP(C55,Inventory!A:L,12,FALSE) -> 0.69 | I55: =H55*G55 -> 0.69
C56: 277LABEL | D56: Label | G56: 1 | H56: =VLOOKUP(C56,Inventory!A:L,12,FALSE) -> 0.3 | I56: =H56*G56 -> 0.3
C57: LABOR75 | D57: Labor | G57: 1 | H57: =VLOOKUP(C57,Inventory!A:L,12,FALSE) -> 0.75 | I57: =H57*G57 -> 0.75
D58: Box | G58: 0.25 | H58: 0.9 | I58: =H58*G58 -> 0.225
A60: 11-890 | B60: K-OB-1056-02 | E60: GENUINE AXLETEK 12K 3.125 I.D. Unitized Oil Seal, PAK/2 OB-1056-02 | F60: 810797031473 | G60: 1 | L60: =SUM(I61:I65) -> 28.4854 | M60: 43.1805 | N60: 59.99 | Q60: eTrailer BULK price for 1 | R60: =L60*1.75 -> 49.84945 | S60: =SUM(R60-L60)/R60 -> 0.42857143 | T60: 55.99 | U60: =SUM(T60-R60)/T60 -> 0.10967226 | V60: 57.59 | W60: =SUM(V60-L60)/V60 -> 0.50537593 | X60: https://www.etrailer.com/Trailer-Bearings-Races-Seals-Caps/Redline/10-56.html
A61: 12-856 | D61: 2) Oil Seal RED 3.125" ID (OB-1056-02) | G61: 2 | H61: 9.31 | I61: =SUM(H61*1.42)*G61 -> 26.4404 | V61: 40.95 | X61: https://www.lippert.com/lippert-wheel-end-oil-seal-12000-16000-lb-axles-3125in-id-2-pack-2023134020-2023134020?queryID=49acc75ccbd834fb12fc3884a84260f0&objectID=23892&indexName=gwp_d2c_prod_lippert_products
A62: 10-56 | B62: 277TF | C62: 409TF | D62: Clam | G62: 1 | H62: =VLOOKUP(C62,Inventory!A:L,12,FALSE) -> 0.72 | I62: =H62*G62 -> 0.72
A63: 2023134020 | B63: 277LABEL | C63: 409LABEL | D63: Label | G63: 1 | H63: =VLOOKUP(C63,Inventory!A:L,12,FALSE) -> 0.35 | I63: =H63*G63 -> 0.35
C64: LABOR75 | D64: Labor | G64: 1 | H64: =VLOOKUP(C64,Inventory!A:L,12,FALSE) -> 0.75 | I64: =H64*G64 -> 0.75
D65: Box | G65: 0.25 | H65: 0.9 | I65: =H65*G65 -> 0.225
A67: 11-100 | B67: RG04-040 | E67: GENUINE AXLETEK Dust Cap, Lubed 1.99 for 2-3.5K axle. Includes plug. | F67: 810797031480 | G67: 1 | L67: =SUM(I68:I72) -> 3.3514 | M67: 4.8015 | N67: 9.99 | R67: =L67*2 -> 6.7028 | S67: =SUM(R67-L67)/R67 -> 0.5 | T67: 7.99 | U67: =SUM(T67-R67)/T67 -> 0.16110138 | V67: 12.58 | W67: =SUM(V67-L67)/V67 -> 0.733593 | X67: https://www.etrailer.com/Trailer-Bearings-Races-Seals-Caps/TruRyde/RG04-040.html
A68: 11-101 | C68: 11-101 | D68: 2) Grease Cap 1.98 Lubed, w/ plug (GC545EZ) | G68: 2 | H68: =VLOOKUP(C68,Inventory!A:L,12,FALSE) -> 0.46 | I68: =SUM(H68*1.42)*G68 -> 1.3064 | V68: 8.95 | X68: https://www.lippert.com/lippert-dust-cap-kit-for-2000-to-3500-lb-axle-hubs-1988in-outer-diameter-2023134661-2023134661?queryID=1b3ad20b69a472f0e99f8af6518cb08a&objectID=23895&indexName=gwp_d2c_prod_lippert_products
A69: 2023134661 | C69: 409TF | D69: Clam | G69: 1 | H69: =VLOOKUP(C69,Inventory!A:L,12,FALSE) -> 0.72 | I69: =H69*G69 -> 0.72
C70: 409LABEL | D70: Label | G70: 1 | H70: =VLOOKUP(C70,Inventory!A:L,12,FALSE) -> 0.35 | I70: =H70*G70 -> 0.35
C71: LABOR75 | D71: Labor | G71: 1 | H71: =VLOOKUP(C71,Inventory!A:L,12,FALSE) -> 0.75 | I71: =H71*G71 -> 0.75
D72: Box | G72: 0.25 | H72: 0.9 | I72: =H72*G72 -> 0.225
A74: 11-105 | B74: RG04-080 | E74: GENUINE AXLETEK Dust Cap, Lubed 2.44 for 5.2-6K axle. Includes plug. | F74: 810797031497 | G74: 1 | L74: =SUM(I75:I79) -> 3.465 | M74: 4.95 | N74: 11.99 | R74: =L74*2 -> 6.93 | S74: =SUM(R74-L74)/R74 -> 0.5 | T74: 8.99 | U74: =SUM(T74-R74)/T74 -> 0.22914349 | V74: 7.02 | W74: =SUM(V74-L74)/V74 -> 0.50641026 | X74: https://www.etrailer.com/Trailer-Bearings-Races-Seals-Caps/TruRyde/RG04-080.html
A75: 11-106 | C75: 11-106 | D75: 2) Grease Cap 2.44" Lubed, w/ plug (GC655EZ) | G75: 2 | H75: =VLOOKUP(C75,Inventory!A:L,12,FALSE) -> 0.5 | I75: =SUM(H75*1.42)*G75 -> 1.42 | V75: 9.95 | X75: https://www.lippert.com/lippert-dust-cap-kit-for-5200-to-6000-lb-axle-hubs-245in-outer-diameter-2023134662-2023134662?queryID=683a6c164162890aaa7e9057f8aea8a1&objectID=23893&indexName=gwp_d2c_prod_lippert_products
A76: 2023134662 | C76: 409TF | D76: Clam | G76: 1 | H76: =VLOOKUP(C76,Inventory!A:L,12,FALSE) -> 0.72 | I76: =H76*G76 -> 0.72
C77: 409LABEL | D77: Label | G77: 1 | H77: =VLOOKUP(C77,Inventory!A:L,12,FALSE) -> 0.35 | I77: =H77*G77 -> 0.35
C78: LABOR75 | D78: Labor | G78: 1 | H78: =VLOOKUP(C78,Inventory!A:L,12,FALSE) -> 0.75 | I78: =H78*G78 -> 0.75
D79: Box | G79: 0.25 | H79: 0.9 | I79: =H79*G79 -> 0.225
A81: 11-110 | B81: RG04-120 | E81: GENUINE AXLETEK Dust Cap, Lubed 2.72 for 7-8K axle. Includes plug. | F81: 810797031503 | G81: 1 | L81: =SUM(I82:I86) -> 3.8342 | M81: 5.412 | N81: 12.99 | R81: =L81*2 -> 7.6684 | S81: =SUM(R81-L81)/R81 -> 0.5 | T81: 9.99 | U81: =SUM(T81-R81)/T81 -> 0.23239239 | V81: 23.41 | W81: =SUM(V81-L81)/V81 -> 0.83621529 | X81: https://www.etrailer.com/Trailer-Bearings-Races-Seals-Caps/Redline/rg04-120.html
A82: 11-111 | C82: 11-111 | D82: 2) Grease Cap 2.72" Lubed, w/ plug (GC865EZ) | G82: 2 | H82: =VLOOKUP(C82,Inventory!A:L,12,FALSE) -> 0.63 | I82: =SUM(H82*1.42)*G82 -> 1.7892 | V82: 10.95 | X82: https://www.lippert.com/lippert-dust-cap-kit-for-7000-to-8000-lb-axle-hubs-272in-outer-diameter-2023134011-2023134011?queryID=970e9356731b03349b0541ec71f3fefb&objectId=23894&indexName=gwp_d2c_prod_lippert_products
C83: 409TF | D83: Clam | G83: 1 | H83: =VLOOKUP(C83,Inventory!A:L,12,FALSE) -> 0.72 | I83: =H83*G83 -> 0.72
C84: 409LABEL | D84: Label | G84: 1 | H84: =VLOOKUP(C84,Inventory!A:L,12,FALSE) -> 0.35 | I84: =H84*G84 -> 0.35
C85: LABOR75 | D85: Labor | G85: 1 | H85: =VLOOKUP(C85,Inventory!A:L,12,FALSE) -> 0.75 | I85: =H85*G85 -> 0.75
D86: Box | G86: 0.25 | H86: 0.9 | I86: =H86*G86 -> 0.225
A88: 11-130 | B88: RG04-010 | E88: GENUINE AXLETEK Dust Cap, replacement rubber plug for lubed caps. | F88: 810797031541 | G88: 1 | L88: =SUM(I89:I93) -> 2.1974 | M88: 3.5475 | N88: 6.99 | R88: =L88*2 -> 4.3948 | S88: =SUM(R88-L88)/R88 -> 0.5 | T88: 6.99 | U88: =SUM(T88-R88)/T88 -> 0.37127325 | V88: 5.19 | W88: =SUM(V88-L88)/V88 -> 0.57660886 | X88: https://www.etrailer.com/Accessories-and-Parts/TruRyde/RG04-010.html
A89: 11-131 | C89: 11-131 | D89: 2) Rubber plus for grease cap (AL02000083) - Rubber Plug (A085-001-00) | G89: 2 | H89: =VLOOKUP(C89,Inventory!A:L,12,FALSE) -> 0.11 | I89: =SUM(H89*1.42)*G89 -> 0.3124 | V89: 7.95 | X89: https://www.lippert.com/lippert-universal-rubber-insert-for-axle-hub-dust-cap-2000-8000-lb-axlesretail-packaging-2023134012-2023134012?queryID=6b257aa986c67c96467dbd7de8170a80&objectID=24784&indexName=gwp_d2c_prod_lippert_products
A90: 2023134012 | C90: 206TF | D90: Clam | G90: 1 | H90: =VLOOKUP(C90,Inventory!A:L,12,FALSE) -> 0.6 | I90: =H90*G90 -> 0.6
C91: 206LABEL | D91: Label | G91: 1 | H91: =VLOOKUP(C91,Inventory!A:L,12,FALSE) -> 0.31 | I91: =H91*G91 -> 0.31
C92: LABOR75 | D92: Labor | G92: 1 | H92: =VLOOKUP(C92,Inventory!A:L,12,FALSE) -> 0.75 | I92: =H92*G92 -> 0.75
D93: Box | G93: 0.25 | H93: 0.9 | I93: =H93*G93 -> 0.225
A95: 11-115 | B95: RG04-020 | E95: GENUINE AXLETEK Dust Cap, 1.99 for 2-3.5K axle. Includes plug. | F95: 810797031510 | G95: 1 | L95: =SUM(I96:I100) -> 2.8402 | M95: 4.1415 | N95: 8.99 | O95: 107524499 | P95: 29.99 | R95: =L95*2 -> 5.6804 | S95: =SUM(R95-L95)/R95 -> 0.5 | T95: 6.99 | U95: =SUM(T95-R95)/T95 -> 0.18735336 | V95: 6.94 | W95: =SUM(V95-L95)/V95 -> 0.59074928 | X95: https://www.etrailer.com/Trailer-Bearings-Races-Seals-Caps/TruRyde/RG04-020.html
A96: 11-116 | D96: 2) Grease Cap 1.98 (GC545) | G96: 2 | H96: 0.28 | I96: =SUM(H96*1.42)*G96 -> 0.7952 | V96: 7.95 | X96: https://www.lippert.com/lippert-dust-cap-2000-3500-lb-axles-pack-of-2-2023134658-2023134658?queryID=fa53e8e09ea56ed6bf29f48c3cdf0517&objectID=23900&indexName=gwp_d2c_prod_lippert_products
A97: 2023134658 | C97: 409TF | D97: Clam | G97: 1 | H97: =VLOOKUP(C97,Inventory!A:L,12,FALSE) -> 0.72 | I97: =H97*G97 -> 0.72
C98: 409LABEL | D98: Label | G98: 1 | H98: =VLOOKUP(C98,Inventory!A:L,12,FALSE) -> 0.35 | I98: =H98*G98 -> 0.35
C99: LABOR75 | D99: Labor | G99: 1 | H99: =VLOOKUP(C99,Inventory!A:L,12,FALSE) -> 0.75 | I99: =H99*G99 -> 0.75
D100: Box | G100: 0.25 | H100: 0.9 | I100: =H100*G100 -> 0.225
A102: 11-120 | B102: RG04-060 | E102: GENUINE AXLETEK Dust Cap, 2.44 for 5.2-6K axle. | F102: 810797031527 | G102: 1 | L102: =SUM(I103:I107) -> 3.1526 | M102: 4.5705 | N102: 9.99 | R102: =L102*2 -> 6.3052 | S102: =SUM(R102-L102)/R102 -> 0.5 | T102: 7.99 | U102: =SUM(T102-R102)/T102 -> 0.21086358 | V102: 8.94 | W102: =SUM(V102-L102)/V102 -> 0.64736018 | X102: https://www.etrailer.com/Trailer-Bearings-Races-Seals-Caps/TruRyde/RG04-060.html
A103: 11-121 | C103: 11-121 | D103: 2) Grease Cap 2.44" (GC655) | G103: 2 | H103: =VLOOKUP(C103,Inventory!A:L,12,FALSE) -> 0.39 | I103: =SUM(H103*1.42)*G103 -> 1.1076 | V103: 8.95 | X103: https://www.lippert.com/lippert-dust-cap-5200-6000-lb-axles-pack-of-2-2023134659-2023134659?queryID=ff48ea94f1f693ffacfe3aee41408dc0&objectID=23899&indexName=gwp_d2c_prod_lippert_products
A104: 2023134659 | C104: 409TF | D104: Clam | G104: 1 | H104: =VLOOKUP(C104,Inventory!A:L,12,FALSE) -> 0.72 | I104: =H104*G104 -> 0.72
C105: 409LABEL | D105: Label | G105: 1 | H105: =VLOOKUP(C105,Inventory!A:L,12,FALSE) -> 0.35 | I105: =H105*G105 -> 0.35
C106: LABOR75 | D106: Labor | G106: 1 | H106: =VLOOKUP(C106,Inventory!A:L,12,FALSE) -> 0.75 | I106: =H106*G106 -> 0.75
D107: Box | G107: 0.25 | H107: 0.9 | I107: =H107*G107 -> 0.225
A109: 11-125 | B109: RG04-100 | E109: GENUINE AXLETEK Dust Cap, 2.72 for 7-8K axle. | F109: 810797031534 | G109: 1 | L109: =SUM(I110:I114) -> 3.2662 | M109: 4.752 | N109: 11.99 | R109: =L109*2 -> 6.5324 | S109: =SUM(R109-L109)/R109 -> 0.5 | T109: 8.99 | U109: =SUM(T109-R109)/T109 -> 0.27337041 | V109: 18.61 | W109: =SUM(V109-L109)/V109 -> 0.82449221 | X109: https://www.etrailer.com/Trailer-Bearings-Races-Seals-Caps/Redline/RG04-100.html
A110: 11-126 | C110: 11-126 | D110: 2) Grease Cap 2.72" (GC865) | G110: 2 | H110: =VLOOKUP(C110,Inventory!A:L,12,FALSE) -> 0.43 | I110: =SUM(H110*1.42)*G110 -> 1.2212 | V110: 9.95 | X110: https://www.lippert.com/lippert-dust-cap-7000-8000-lb-axles-2-pack-2023134660-2023134660?queryID=075dfa9e71b8b915f9b1319ded2a2f41&objectID=23898&indexName=gwp_d2c_prod_lippert_products
A111: 2023134660 | C111: 409TF | D111: Clam | G111: 1 | H111: =VLOOKUP(C111,Inventory!A:L,12,FALSE) -> 0.72 | I111: =H111*G111 -> 0.72
C112: 409LABEL | D112: Label | G112: 1 | H112: =VLOOKUP(C112,Inventory!A:L,12,FALSE) -> 0.35 | I112: =H112*G112 -> 0.35
C113: LABOR75 | D113: Labor | G113: 1 | H113: =VLOOKUP(C113,Inventory!A:L,12,FALSE) -> 0.75 | I113: =H113*G113 -> 0.75
D114: Box | G114: 0.25 | H114: 0.9 | I114: =H114*G114 -> 0.225
A116: 11-200 | B116: RG04-230 | E116: Oil Cap Kit, 8K 2-2/8" treads with rubber plug and rubber o-ring for use on the 11-008 & 11-009 hub (DX 21-35) GENUINE AXLETEK | F116: 810797031558 | G116: 1 | L116: =SUM(I117:I121) -> 3.669 | M116: 5.7915 | N116: 13.99 | R116: =L116*2 -> 7.338 | S116: =SUM(R116-L116)/R116 -> 0.5 | T116: 10.99 | U116: =SUM(T116-R116)/T116 -> 0.33230209 | V116: 32.7 | W116: =SUM(V116-L116)/V116 -> 0.88779817 | X116: https://www.etrailer.com/Trailer-Bearings-Races-Seals-Caps/Redline/RG04-230.html
A117: 11-201 | C117: 11-201 | D117: 1) Oil Cap for BD-86580 Hub (AL02000163) | E117: RG04-230 | G117: 1 | H117: =VLOOKUP(C117,Inventory!A:L,12,FALSE) -> 1.2 | I117: =SUM(H117*1.42)*G117 -> 1.704 | V117: 12.95 | X117: https://www.lippert.com/oil-dust-cap-clear-8000-lbs-hubs-695814?queryID=f36e8b359db0d6b3aad10d478c772488&objectID=6386&indexName=gwp_d2c_prod_lippert_products
...

Sheet Private Pkg_TowPro
B1: AFTMKT # | C1: Former AxleTek # Listed for Reference | D1: Category | E1: Sub | F1: Description | G1: QTY Inc | H1: Box/Carton QTY | I1: Pallet QTY | J1: 2025 Confirmed Costs
B3: 40-115 | D3: Jack | E3: Hardware | F3: TowPro Jack Pin, 9/16" x 3-1/2", replacement pin for 40-321, 322, 323 & 325 Jacks
B4: 40-120 | D4: Jack | E4: Hardware | F4: TowPro Jack Pin, 5/8" x 4", replacement pin for 40-354, 356, 357 & 358 Jacks
B5: 40-125 | D5: Jack | E5: Hardware | F5: TowPro Jack Pin, 9/16" x 2-3/4", replacement pin for 40-451, 452 & 453 Jacks
B7: 50-101 | D7: Coupler | E7: Hardware | F7: TowPro Pin for Sleeve Lock Couplers. 5/16" x 2-3/4" Usable Length
B9: 10-900 | D9: Brake | E9: Actuation | F9: TowPro Breakaway Kit w/ LED Test Light, Side Load, Includes Battery Box, Battery, Switch, Charger and Wire Leads
B10: 10-950 | D10: Brake | E10: Actuation | F10: TowPro Breakaway Switch with Cable
B11: 10-951 | D11: Brake | E11: Actuation | F11: TowPro Breakaway Replacement Pin & Cable
B12: 10-980 | D12: Brake | E12: Actuation | F12: TowPro Breakaway Battery 12v 5A
B14: 60-500 | D14: Towing | E14: Locks | F14: TowPro 1/4 Inch Black Trailer Hitch Coupler Lock
B15: 60-501 | D15: Towing | E15: Locks | F15: TowPro 5/8 Inch x 3 inch Black Trailer Hitch Pin and Clip With Grooved Head
B16: 60-502 | D16: Towing | E16: Locks | F16: TowPro 5/8 Inch x 3.5 inch Black Trailer Hitch Pin and Clip With Grooved Head
B17: 60-503 | D17: Towing | E17: Locks | F17: TowPro 5/8 Inch Black Trailer Hitch Receiver Bent Pin Lock
... B20: 60-506 | D20: Towing | E20: Locks | F20: TowPro Heavy Duty Anti-Theft Universal Black Trailer Hitch Tow Ball Coupler Security Kit

Sheet Private Label_TowPro
B1: AFTMKT # | C1: Former AxleTek # Listed for Reference | D1: Category | E1: Sub | F1: Pin | G1: Collar | H1: Description | I1: QTY Inc | J1: Box/Carton QTY | K1: Pallet QTY | L1: 2025 Confirmed Costs | M1: catalog
B2: 50-275 | C2: CTA-400 | D2: Couplers | E2: Adjustable | H2: TowPro Coupler, Adjustable, 2-5/16" ball size, 14000# capacity, black powder coat finish, w/ bolts and nuts | J2: 250 | K2: 20 | L2: 7.4
B3: 50-280 | C3: CTA-196 | D3: Couplers | E3: Adjustable | H3: TowPro Coupler, Adjustable, collar style, 2" ball size, 7000# capacity, black powder coat finish, w/bolts and nuts | J3: 150 | K3: 20 | L3: 10
B4: 50-281 | C4: CTA-296 | D4: Couplers | E4: Adjustable | H4: TowPro Coupler, Adjustable, collar style, 2-5/16" ball size, 12500# capacity, black powder coat finish, w/bolts and nuts | J4: 150 | K4: 20 | L4: 12
B5: 50-285 | C5: CTA-280 | D5: Couplers | E5: Adjustable | H5: TowPro Coupler, Adjustable, heavy duty cast construction, 2-5/16" ball size, 15000# capacity, black powder coat finish, w/bolts and nuts | J5: 200 | K5: 16 | L5: 17.5
B6: 50-300 | C6: CTA-CB4 | D6: Couplers | E6: Adjustable | H6: TowPro 3 position channel bracket for Adjustable coupler | J6: 400 | K6: 20 | L6: 2.2
B7: 50-301 | C7: CTA-CB6 | D7: Couplers | E7: Adjustable | H7: TowPro 5 position channel bracket for Adjustable coupler | J7: 250 | K7: 20 | L7: 2.8
B8: 50-302 | C8: CTA-CB126 | D8: Couplers | E8: Adjustable | H8: TowPro 5 position HD 1/2" channel bracket for Adjustable coupler | J8: 250 | K8: 18 | L8: 4.1
B9: 50-900 | C9: MBT58500-LN58 | D9: Couplers | E9: Adjustable | H9: TowPro Coupler Bolt, Grade 8 bolt/nut for adjustable couplers, size=5/8", length=5.0" | J9: 2000 | K9: 18 | L9: 0.8
B10: 40-200 | C10: TJA-2000-B | D10: Jacks | E10: A-Frame | H10: TowPro Jack, A-frame 2,000 lb, top wind, black | J10: 220 | K10: 20 | L10: 5.3
B11: 40-201 | C11: TJA-5000-B | D11: Jacks | E11: A-Frame | H11: TowPro Jack, A-frame 5,000 lb, top wind, black | J11: 220 | K11: 20 | L11: 6.5
B12: 40-035 | C12: JSP-100 | D12: Jacks | E12: A-Frame | H12: TowPro Jack, Support Plate for 2-1/4" OD A-Frame TowPro Jacks | J12: 3000 | K12: 20 | L12: 0.36
B13: 40-453 | C13: TJDA-8000 | D13: Jacks | E13: A-Frame | F13: TJD-7000-PN | H13: TowPro Jack, A-frame mini-drop leg TowPro Jack, Top Wind, 8000# supprt cap., 8000# lift capacity, 28.5" travel, black finish | J13: 150 | K13: 12 | L13: 16.5
B14: 50-201 | C14: CA-5100-B | D14: Couplers | E14: A-Frame | H14: TowPro A-Frame coupler, 2" ball size, 5000#, black painted | J14: 250 | K14: 20 | L14: 4.1
B15: 50-205 | C15: CA-5400-O | D15: Couplers | E15: A-Frame | H15: TowPro A-Frame coupler, 2-5/16" ball size, 14,000#, OILY | J15: 250 | K15: 20 | L15: 5
B16: 50-206 | C16: CA-5400-B | D16: Couplers | E16: A-Frame | H16: TowPro A-Frame coupler, 2-5/16" ball size, 14,000#, BLACK | J16: 250 | K16: 20 | L16: 5.4
B17: 50-210 | C17: CA-5210-B | D17: Couplers | E17: A-Frame | H17: TowPro A-Frame coupler, 2" ball size, 8000# capacity w/ wrap-around helmet, black | J17: 220 | K17: 20 | L17: 5.4
B18: 50-215 | C18: CA-5196-B | D18: Couplers | E18: A-Frame | H18: TowPro A-Frame coupler, Collar Style, 2" ball, 7000# capacity | J18: 150 | K18: 20 | L18: 12.7
B19: 50-225 | C19: CA-5296-B | D19: Couplers | E19: A-Frame | H19: TowPro Coupler, A-Frame coupler, Colar Style, 2-5/16" ball, 12500# capacity | J19: 125 | K19: 19 | L19: 15.5
B20: 60-001 | D20: Towing | E20: Ball Mount | H20: TowPro Ball Mount with 2" Ball (2" Shank, 7,500 lbs., 2" Drop) | J20: 180 | L20: 5.8
B21: 60-002 | D21: Towing | E21: Ball Mount | H21: TowPro Ball Mount with 2" Ball (2" Shank, 7,500 lbs., 4" Drop) | J21: 180 | L21: 6.7
B22: 60-003 | D22: Towing | E22: Ball Mount | H22: TowPro Ball Mount with 2-5/16" Ball (2" Shank, 7,500 lbs., 2" Drop) | J22: 180 | L22: 6.3
B23: 60-004 | D23: Towing | E23: Ball Mount | H23: TowPro Ball Mount with 2-5/16" Ball (2" Shank, 7,500 lbs., 4" Drop) | J23: 180 | L23: 7.3
B24: 60-100 | D24: Towing | E24: Ball Mount | H24: TowPro Reducer Sleeve Set (3" to 2-1/2" to 2" Shanks, 2 Pieces) | J24: 288 | L24: 4.1
B25: 60-101 | D25: Towing | E25: Ball Mount | H25: TowPro Reducer Sleeve Set (2-1/2" to 2" Shank) | J25: 216 | L25: 4
B26: 60-020 | D26: Towing | E26: Ball Mount | H26: TowPro Forged Ball Mount with 2-5/16" Ball (2-1/2" Shank, 20,000 lbs, 4" Drop) | J26: 90 | L26: 16.5
B27: 60-200 | D27: Towing | E27: Ball Mount | H27: TowPro Adjustable Trailer Hitch Ball Mount with Dual Ball, 2-1/2" Shank, 20K | J27: 45 | L27: 33
B28: 60-205 | D28: Towing | E28: Ball Mount | H28: TowPro Ball Mount Adjustable Aluminum Hitch with Dual Ball, 5-1/2" Drop (2" Shank 10,000 lbs) | J28: 72 | L28: 42
B29: 60-210 | D29: Towing | E29: Ball Mount | H29: TowPro Ball Mount Adjustable Aluminum Hitch with Dual Ball, 5-1/2" Drop (2" Shank 12,500 lbs) | J29: 60 | L29: 27
B30: 40-451 | C30: TJD-7000 | D30: Jacks | E30: Drop Leg | F30: TJD-7000-PN | H30: TowPro Jack, Drop Leg HD, Top Wind, 2.5" Square TowPro Jack, 8000# support capacity, 7000# lift capacity | J30: 100 | K30: 20 | L30: 14
B31: 40-452 | C31: TJD-7000S | D31: Jacks | E31: Drop Leg | F31: TJD-7000-PN | H31: TowPro Jack, Drop Leg HD, Side Wind, 2.5" Square TowPro Jack, 8000# support capacity, 7000# lift capacity | J31: 100 | K31: 20 | L31: 16
B32: 40-412 | C32: TJD-12000SP-F2 | D32: Jacks | E32: Drop Leg | F32: TJD-12000-PPN | H32: TowPro Jack, Heavy Duty Square, Front Pin, 12000# support capacity, 10,000# lift capacity, w / spring return, handle and handle clip | J32: 30 | K32: 20 | L32: 44.5
B33: 40-414 | C33: TJD-12000SP-R2 | D33: Jacks | E33: Drop Leg | F33: TJD-12000-PPN | H33: TowPro Jack, Heavy Duty Square, Side Pin, 12000# support capacity, 10,000# lift capacity, w / spring return, handle and handle clip | J33: 30 | K33: 20 | L33: 44.5
B34: 40-413 | C34: TJD-12000SP-F2NH | D34: Jacks | E34: Drop Leg | F34: TJD-12000-PPN | H34: TowPro Jack, Heavy Duty Square, Front Pin, 12000# support capacity, 10,000# lift capacity, w / spring return, NO HANDLE | J34: 30 | K34: 20 | L34: 44
B35: 40-415 | C35: TJD-12000SP-R2NH | D35: Jacks | E35: Drop Leg | F35: TJD-12000-PPN | H35: TowPro Jack, Heavy Duty Square, Side Pin, 12000# support capacity, 10,000# lift capacity, w / spring return, NO HANDLE | J35: 30 | K35: 20 | L35: 44
B36: 40-416 | C36: TJD-12000TWSP-R | D36: Jacks | E36: Drop Leg | F36: TJD-12000-PPN | H36: TowPro Heavy duty square jack, top wind, 12,000# support capacity, 10000# lift cap.,w/spring return, handle and handle clip, side pin | J36: 30 | K36: 20 | L36: 40
B37: 50-520 | C37: GCPN-25008 | D37: Couplers | E37: Gooseneck | H37: TowPro Coupler, Round GN, 25000# capacity, cast cone-shaped head, ¾” load bearing pin, 8” adjustment. | J37: 30 | K37: 20 | L37: 37
B38: 50-521 | C38: GCPN-30008 | D38: Couplers | E38: Gooseneck | H38: TowPro Coupler, Round GN, 30000# capacity, ¾” load bearing pin, 8” adjustment, head with cast cone-shaped bottom and forged steel one-piece top plate | J38: 30 | K38: 20 | L38: 41
B39: 50-525 | C39: GPSQ-25008 | D39: Couplers | E39: Gooseneck | H39: TowPro Square gooseneck coupler, 4.5" square tube, 25000# capacity, cast cone-shaped head, 3/4" load bearing pin, 8" adjustment | J39: 30 | K39: 20 | L39: 39
B40: 50-526 | C40: GCSQ-30008 | D40: Couplers | E40: Gooseneck | H40: TowPro Square gooseneck coupler, 4.5" square tube, 30000# capacity, cast cone-shaped head, 3/4" load bearing pin, 8" adjustment | J40: 30 | K40: 20 | L40: 46
B41: 40-000 | C41: JF-99 | D41: Jacks | E41: Replacement Parts | H41: TowPro Jack Foot with Hardware for 2-5K Round A-frame Jack | J41: 800 | K41: 84 | L41: 0.5
B42: 40-005 | C42: JF-100-Z | D42: Jacks | E42: Replacement Parts | H42: TowPro Jack Foot with Removable Pin , 1.7" height, for 2-5K Round A-frame Jack | J42: 800 | K42: 38 | L42: 1
B43: 40-010 | C43: JF-1005H-Z | D43: Jacks | E43: Replacement Parts | H43: TowProJack Foot, drop leg Insert for 2-5K Jack | J43: 400 | K43: 40 | L43: 1.8
B44: 40-015 | C44: TJP-PN916 | D44: Jacks | E44: Replacement Parts | H44: TowPro Jack Pin, 9/16" x 3-1/2", replacement pin for 40-321, 322, 323 & 325 Jacks | J44: 4500 | K44: 28 | L44: 0.4
B45: 40-020 | C45: TJP-PN58 | D45: Jacks | E45: Replacement Parts | H45: TowPro Jack Pin, 5/8" x 4", replacement pin for 40-354, 356, 357 & 358 Jacks | J45: 4500 | K45: 24 | L45: 0.4
B46: 40-025 | C46: TJD-7000-PN | D46: Jacks | E46: Replacement Parts | H46: TowPro Jack Pin, 9/16" x 2-3/4", replacement pin for 40-451, 452 & 453 Jacks | J46: 4500 | K46: 24 | L46: 0.7
B47: 40-030 | C47: TJA-2000-HD | D47: Jacks | E47: Replacement Parts | H47: TowPro Handle , Replacement for 2-5K A-Frame Jack 40-200 & 201 | J47: 2400 | K47: 20 | L47: 0.8
B48: 40-040 | C48: TJD-12000-HD | D48: Jacks | E48: Replacement Parts | H48: TowPro Jack, Handle w/bolt and nut for 12k TowPro Jack | J48: 500 | K48: 20 | L48: 2.25
... B56: 50-903 | C56: GCPN-PIN | D56: Couplers | E56: Replacement Parts | H56: TowPro Pin, Load Bearing Pin for Gooseneck Coupler - 3/4" x 5-1/2" Usable length - BULK | J56: 2000 | K56: 20 | L56: 1.2
B57: 40-300 | C57: TJB-2001-B | D57: Jacks | E57: Side Mount | F57: no | G57: no | H57: TowPro Jack, Swivel Mount, Weld-on bracket , 2000# cap., 10" lift, top wind, black | J57: 150 | K57: 20 | L57: 8.6
B58: 40-321 | C58: TJP-2001-B | D58: Jacks | E58: Side Mount | F58: TJP-PN916 | G58: TJP-IP916 | H58: TowPro Jack, Pipe Mount Swivel, Weld-on, Top Wind, 2000# cap. 10" lift, black | J58: 150 | K58: 20 | L58: 8.6
B59: 40-322 | C59: TJP-2001S-B | D59: Jacks | E59: Side Mount | F59: TJP-PN916 | G59: TJP-IP916 | H59: TowPro Jack, Pipe Mount Swivel, Weld-on, Side Wind, 2000# cap. 10" lift, black | J59: 150 | K59: 20 | L59: 10
B60: 40-323 | C60: TJP-5001-B | D60: Jacks | E60: Side Mount | F60: TJP-PN916 | G60: TJP-IP916 | H60: TowPro Jack, Pipe Mount Swivel, Weld-on, Top Wind, 5000# cap. 10" lift, black | J60: 150 | K60: 20 | L60: 9
B61: 40-354 | C61: TJP-5001S-B | D61: Jacks | E61: Side Mount | F61: TJP-PN58 | G61: TJP-IP58 | H61: TowPro Jack, Pipe Mount Swivel, Weld-on, Side Wind, 5000# cap. 10" lift, black | J61: 150 | K61: 20 | L61: 11
B62: 40-325 | C62: TJP-5002-B | D62: Jacks | E62: Side Mount | F62: TJP-PN916 | G62: TJP-IP916 | H62: TowPro Jack, Pipe Mount Swivel, Weld-on, Top Wind, 5000# cap. 15" lift, black | J62: 150 | K62: 20 | L62: 10.2
B63: 40-356 | C63: TJP-5002S-B | D63: Jacks | E63: Side Mount | F63: TJP-PN58 | G63: TJP-IP58 | H63: TowPro Jack, Pipe Mount Swivel, Weld-on, Side Wind, 5000# cap. 15" lift, black | J63: 125 | K63: 20 | L63: 13
B64: 40-357 | C64: TJP-7001-B | D64: Jacks | E64: Side Mount | F64: TJP-PN58 | G64: TJP-IP58 | H64: TowPro Jack, Pipe Mount Swivel, Weld-on Top Wind, 7000# cap. 10" lift, black | J64: 150 | K64: 20 | L64: 10.5
B65: 40-358 | C65: TJP-7001S-B | D65: Jacks | E65: Side Mount | F65: TJP-PN58 | G65: TJP-IP58 | H65: TowPro Jack, Pipe Mount Swivel, Weld-on Side Wind, 7000# cap. 10" lift, black | J65: 125 | K65: 20 | L65: 13
B66: 40-340 | C66: TJP-7002-B | D66: Jacks | E66: Side Mount | H66: TowPro Jack, Pipe Mount Swivel, Weld-on Top Wind, 7000# cap. 15" lift, black | J66: 150 | K66: 20 | L66: 11.6
B67: 40-341 | C67: TJP-7002S-B | D67: Jacks | E67: Side Mount | H67: TowPro Jack, Pipe Mount Swivel, Weld-on Side Wind, 7000# cap. 15" lift, black | J67: 125 | K67: 20 | L67: 14

Sheet Master Data
A2: TowParts | B2: AxleTek Part Number | C2: Industry Ref | D2: Vendor | E2: Vendor Item # | F2: Category | G2: Sub Category | H2: Type | I2: Desc | K2: Wt (lb) | L2: Wt (kg) | M2: Pallet Qty | O2: Package Qty | P2: ProAxle Landed
B3: H-545-97 | C3: 84545XG | D3: Jiaodong | E3: H-545-97 | F3: Hub & Drum | G3: Hub - Pregreased Kit | H3: Bulk | I3: Hub Kit 3.5K 5 on 4.5" Pre-Greased EZ (Boxed - BULK). L44649 / L68149 bearing 1.72 Seal - GALVANIZED | K3: 8.14 | L3: 3.6922798 | M3: 240 | O3: 1
B4: H-545-09 | C4: 84545XG | D4: Jiaodong | E4: H-545-09 | F4: Hub & Drum | G4: Hub - Pregreased Kit | H4: Bulk | I4: Hub Kit 3.5K 5 on 4.5" Pre-Greased EZ (Boxed - BULK). L44649 / L68149 bearing 1.72 Seal | K4: 8.14 | L4: 3.6922798 | M4: 240 | O4: 1
B5: H-550-07 | C5: 84545XG | D5: Jiaodong | E5: H-550-07 | F5: Hub & Drum | G5: Hub - Pregreased Kit | H5: Bulk | I5: Hub Kit 3.5K 5 on 5.50" Pre-Greased EZ (Boxed - BULK). L44649 / L68149 bearing 1.72 Seal | K5: 8.14 | L5: 3.6922798 | M5: 240 | O5: 1
B6: H-655 | C6: 42656XG | D6: Jiaodong | E6: H-655 | F6: Hub & Drum | G6: Hub - Pregreased Kit | H6: Bulk | I6: Hub Kit 6.0K 6 on 5.5" Pre-Greased EZ (Boxed - BULK) 15123 / 25580 Bearing 2.25 seal | K6: 15.48 | L6: 7.0216819 | M6: 140 | O6: 1
B7: BD3-545 | C7: 84546XG | D7: Jiaodong | E7: BD3-545 | F7: Hub & Drum | G7: Hub/Drum - Pregreased Kit | H7: Bulk | I7: Hub & Drum Kit 3.5K 5 on 4.5" Pre-Greased EZ (Boxed - BULK). L44649 / L68149 bearing 1.72 Seal | K7: 20.94 | L7: 9.4983217 | M7: 72 | O7: 1
B8: BD3-550 | C8: 8K865OK | D8: Jiaodong | E8: BD3-550 | F8: Hub & Drum | G8: Hub/Drum - Pregreased Kit | H8: Bulk | I8: Hub & Drum Kit 3.5K 5 on 5.0" Pre-Greased EZ (Boxed - BULK). L44649 / L68149 bearing 1.72 Seal | K8: 20.94 | L8: 9.4983217 | M8: 72 | O8: 1
B9: BD3-65535 | C9: 84656XG | D9: Jiaodong | E9: BD3-65535 | F9: Hub & Drum | G9: Hub/Drum - Pregreased Kit | H9: Bulk | I9: Hub & Drum Kit 3.5K 6 on 5.5" Pre-Greased EZ (Boxed - BULK). L44649 / L68149 bearing 1.72 Seal | L9: 9.4027778 | M9: 72 | O9: 1
B10: BD3-655 | C10: 42656XG | D10: Jiaodong | E10: BD3-655 | F10: Hub & Drum | G10: Hub/Drum - Pregreased Kit | H10: Bulk | I10: Hub & Drum Kit 6.0K 6 on 5.5" Pre-Greased EZ (Boxed - BULK). 15123 / 25580 Bearing, 2.25 seal | K10: 32.36 | L10: 14.6784 | M10: 45 | O10: 1
B11: BD3-865 | C11: 42866XG | D11: Jiaodong | E11: BD3-865 | F11: Hub & Drum | G11: Hub/Drum - Pregreased Kit | H11: Bulk | I11: Hub & Drum kit 7.K 8 on 6.5" Pre-Greased EZ (Boxed - BULK). 14125A / 25580 bearing 1/2" Studs 2.25 Seal | K11: 35.35 | L11: 16.034655 | M11: 45 | O11: 1
B12: BD3-865-916 | C12: 42866XG916 | D12: Jiaodong | E12: BD3-865-916 | F12: Hub & Drum | G12: Hub/Drum - Pregreased Kit | H12: Bulk | I12: Hub & Drum kit 7K 8 on 6.5" Pre-Greased EZ (Boxed - BULK). 14125A / 25580 bearing 9/16" Studs 2.25 Seal | K12: 35.7 | L12: 16.193414 | M12: 45 | O12: 1
A13: 17-310 | D13: Jiaodong | F13: Hub & Drum | G13: Hub - Pregreased Kit | H13: Package Program | I13: HUB 3.5K, 5-4.50 Pre-Greased Kit, L44649 / L68149 Bearings, 1.72" Seal, Lube Dust Cap & Plug, Wheel Nuts, Hdwe, GALVANIZED - GENUINE AXLETEK, Boxed | J13: #VALUE! | L13: 3.875 | M13: 240 | N13: 1 | O13: 1
A14: 17-335 | D14: Jiaodong | F14: Hub & Drum | G14: Hub - Pregreased Kit | H14: Package Program | I14: HUB 6K, 6-5.50 Pre-Greased Kit, 15123 / 25580 Bearings, 2.25 Seal, Lube Dust Cap & Plug, Wheel Nuts, Hdwe, GALVANIZED - GENUINE AXLETEK, Boxed | L14: 8.2053571
A15: 17-340 | D15: Jiaodong | F15: Hub & Drum | G15: Hub - Pregreased Kit | H15: Package Program | I15: HUB 7K 8-6.50 Pre-Greased Kit, 14125A / 25580 Bearings, 2.25 Seal, Lube Dust Cap & Plug, Wheel Nuts, Hdwe, GALVANIZED - GENUINE AXLETEK, Boxed | L15: 8.3583333
A16: 17-110 | D16: Jiaodong | E16: 17-110 | F16: Hub & Drum | G16: Hub - Pregreased Kit | H16: Package Program | I16: HUB 3.5K, 5-4.50 Pre-Greased Kit, L44649 / L68149 Bearings, 1.72" Seal, Lube Dust Cap & Plug, Wheel Nuts, Hdwe, GENUINE AXLETEK, Boxed | J16: #VALUE! | L16: 3.875 | M16: 240 | N16: 1 | O16: 1
A17: 17-115 | D17: Jiaodong | E17: 17-115 | F17: Hub & Drum | G17: Hub - Pregreased Kit | H17: Package Program | I17: HUB 3.5K, 5-5.0 Pre-Greased Kit, L44649 / L68149 Bearings, 1.72" Seal, Lube Dust Cap & Plug, Wheel Nuts, Hdwe, GENUINE AXLETEK, Boxed | L17: 3.875 | M17: 240 | N17: 1 | O17: 1
A18: 17-130 | D18: Jiaodong | E18: 17-130 | F18: Hub & Drum | G18: Hub - Pregreased Kit | H18: Package Program | I18: HUB 3.5K, 6-5.0 Pre-Greased Kit, L44649 / L68149 Bearings, 1.72" Seal, Lube Dust Cap & Plug, Wheel Nuts, Hdwe, GENUINE AXLETEK, Boxed | L18: 4.552381 | M18: 210 | N18: 1 | O18: 1
A19: 17-135 | D19: Jiaodong | E19: 17-135 | F19: Hub & Drum | G19: Hub - Pregreased Kit | H19: Package Program | I19: HUB 6K, 6-5.50 Pre-Greased Kit, 15123 / 25580 Bearings, 2.25 Seal, Lube Dust Cap & Plug, Wheel Nuts, Hdwe, GENUINE AXLETEK, Boxed | L19: 8.2053571 | M19: 140 | N19: 1 | O19: 1
A20: 17-140 | D20: Jiaodong | E20: 17-140 | F20: Hub & Drum | G20: Hub - Pregreased Kit | H20: Package Program | I20: HUB 7K 8-6.50 Pre-Greased Kit, 14125A / 25580 Bearings, 2.25 Seal, Lube Dust Cap & Plug, Wheel Nuts, Hdwe, GENUINE AXLETEK, Boxed | L20: 8.3583333 | M20: 120 | N20: 1 | O20: 1
A21: 19-100 | D21: Jiaodong | E21: 19-100 | F21: Hub & Drum | G21: Hub/Drum - Pregreased Kit | H21: Package Program | I21: HUB & DRUM 3.5K, 5-4.50 Pre-Greased Kit, L44649 / L68149 Bearings, 1.72" Seal, Lube Dust Cap & Plug, Wheel Nuts, Hdwe, GENUINE AXLETEK, Boxed | L21: 9.6527778 | M21: 72 | N21: 1 | O21: 1
A22: 19-110 | D22: Jiaodong | E22: 19-110 | F22: Hub & Drum | G22: Hub/Drum - Pregreased Kit | H22: Package Program | I22: HUB & DRUM 3.5K, 5-5.0 Pre-Greased Kit, L44649 / L68149 Bearings, 1.72" Seal, Lube Dust Cap & Plug, Wheel Nuts, Hdwe, GENUINE AXLETEK, Boxed | L22: 9.6527778 | M22: 72 | N22: 1 | O22: 1
A23: 19-120 | D23: Jiaodong | E23: 19-120 | F23: Hub & Drum | G23: Hub/Drum - Pregreased Kit | H23: Package Program | I23: HUB & DRUM 3.5K, 6-5.0 Pre-Greased Kit, L44649 / L68149 Bearings, 1.72" Seal, Lube Dust Cap & Plug, Wheel Nuts, Hdwe, GENUINE AXLETEK, Boxed | L23: 9.4027778 | M23: 72 | N23: 1 | O23: 1
A24: 19-125 | D24: Jiaodong | E24: 19-125 | F24: Hub & Drum | G24: Hub/Drum - Pregreased Kit | H24: Package Program | I24: HUB & DRUM 6K, 6-5.50 Pre-Greased Kit, 15123 / 25580 Bearings, 2.25 Seal, Lube Dust Cap & Plug, Wheel Nuts, Hdwe, GENUINE AXLETEK, Boxed | L24: 12.911111 | M24: 45 | N24: 1 | O24: 1
A25: 19-130 | D25: Jiaodong | E25: 19-130 | F25: Hub & Drum | G25: Hub/Drum - Pregreased Kit | H25: Package Program | I25: HUB & DRUM 7K 8-6.50, 1/2" Studs Pre-Greased Kit, 14125A / 25580 Bearings, 2.25 Seal, Lube Dust Cap & Plug, Wheel Nuts, Hdwe, GENUINE AXLETEK, Boxed | K25: 33.5 | L25: 14.977778 | M25: 45 | N25: 1 | O25: 1
A26: 19-135 | D26: Jiaodong | E26: 19-135 | F26: Hub & Drum | G26: Hub/Drum - Pregreased Kit | H26: Package Program | I26: HUB & DRUM 7K 8-6.50, 9/16" Studs Pre-Greased Kit, 14125A / 25580 Bearings, 2.25 Seal, Lube Dust Cap & Plug, Wheel Nuts, Hdwe, GENUINE AXLETEK, Boxed | L26: 15.022222 | M26: 45 | N26: 1 | O26: 1
A27: 11-008 | B27: BD-86580-36 | D27: Jiaodong | E27: BD-86580-26 | F27: Hub & Drum | G27: Hub/Drum - Only | H27: Bulk | I27: Hub & Drum, 8K 8 on 6.5", 9/16" studs, Oil bath, uses 02475 / 25580 bearing & 10-63 Seal, GENUINE AXLETEK | J27: #VALUE! | K27: 53.95 | L27: 24.444444 | M27: 36 | N27: 1 | O27: 1
A28: 11-009 | B28: BD-86580-56 | C28: 8K865O | D28: Jiaodong | E28: BD-86580-46 | F28: Hub & Drum | G28: Hub/Drum - Only | H28: Bulk | I28: Hub & Drum, 8K 8 on 6.5", 5/8" studs, Oil bath, uses 02475 / 25580 bearing & 10-63 Seal, GENUINE AXLETEK | K28: 54.16 | L28: 24.722222 | M28: 36 | N28: 1 | O28: 1
A29: 11-010 | B29: 008-430-05 | C29: 10K865HD | D29: Jiaodong | E29: 008-430-05 | F29: Hub & Drum | G29: Hub/Drum - Only | H29: Bulk | I29: Hub & Drum Assembly 10K GD, 4.75" Pilot, uses 387A / 25580 bearings, 10-51 seal & 4" Oil Cap. 008-430DX (After 4/2013) GENUINE AXLETEK | J29: #VALUE! | K29: 60.04 | L29: 28.777778 | M29: 36 | N29: 1 | O29: 1
A30: 11-011 | B30: 008-430-03 | C30: 10K865H | D30: Jiaodong | E30: 008-430-03 | F30: Hub & Drum | G30: Hub - Only | H30: Bulk | I30: Hub 10K GD, 4.75" Pilot, uses 387A / 25580 bearings, 10-51 seal & 4" Oil Cap. 008-430DX (After 4/2013) GENUINE AXLETEK | L30: 11 | M30: 100 | N30: 1 | O30: 1
A31: 11-023 | B31: 9-123 | C31: 10K865D | D31: Jiaodong | E31: 9-123 | F31: Hub & Drum | G31: Drum | H31: Bulk | I31: Drum Only, 10K GD, 9-123DX (After 4/2013) GENUINE AXLETEK | L31: 17.166667 | M31: 36 | N31: 1 | O31: 1
A32: 11-012 | B32: BD-86512 | C32: 12K865HD | D32: Jiaodong | E32: BD-86512 | F32: Hub & Drum | G32: Hub/Drum - Only | H32: Bulk | I32: Hub & Drum Assembly 12K, uses 3984 / 28682 bearings, 10-56 seal, & 4" Oil Cap. 8-214DX, GENUINE AXLETEK | J32: #VALUE! | K32: 76.88 | L32: 43.5 | M32: 24 | N32: 1 | O32: 1
A33: 11-013 | B33: 821407 | C33: 12K865H | D33: Jiaodong | E33: 821407 | F33: Hub & Drum | G33: Hub - Only | H33: Bulk | I33: Hub 12K, uses 3984 / 28682 bearings, 10-56 seal, & 4" Oil Cap. 8-214DX, GENUINE AXLETEK | L33: 12.1 | M33: 60 | N33: 1 | O33: 1
A34: 11-028 | B34: 902801 | C34: 12K865D | D34: Jiaodong | E34: 902801 | F34: Hub & Drum | G34: Drum | H34: Bulk | I34: Drum Olny, 12K, 9-28DX GENUINE AXLETEK | L34: 1.4590643 | M34: 36 | N34: 1 | O34: 1
A35: 12-026 | B35: B10E-21 | D35: Weifang Airui | E35: B10E-21 | F35: Brakes | G35: Brake | H35: Bulk | I35: Brake Electric 10" x 2-1/4" for 3,500-lb axles LH (Driver) | M35: 168 | O35: 1
A36: 12-027 | B36: B10E-22 | D36: Weifang Airui | E36: B10E-22 | F36: Brakes | G36: Brake | H36: Bulk | I36: Brake Electric 10" x 2-1/4" for 3,500-lb axles RH (Passanger) | M36: 168 | O36: 1
A37: 12-180 | B37: B12E-21 | D37: Weifang Airui | E37: B12E-21 | F37: Brakes | G37: Brake | H37: Bulk | I37: Brake Electric 12" x 2" for 6-7,000 lb axles LH (Driver) | M37: 126 | O37: 1
A38: 12-181 | B38: B12E-22 | D38: Weifang Airui | E38: B12E-22 | F38: Brakes | G38: Brake | H38: Bulk | I38: Brake Electric 12" x 2" for 6-7,000 lb axles RH (Passanger) | M38: 126 | O38: 1
A39: 12-468 | B39: B10EA-21 | D39: Weifang Airui | E39: B10EA-21 | F39: Brakes | G39: Brake | H39: Bulk | I39: Brake Electric 10" x 2-1/4" for 3,500-lb axles, Left Hand Self Adjusting EB-10LSA | J39: #VALUE! | K39: 9.88 | L39: =K39/2.2046 -> 4.4815386 | M39: 168 | O39: 1
A40: 12-469 | B40: B10EA-22 | D40: Weifang Airui | E40: B10EA-22 | F40: Brakes | G40: Brake | H40: Bulk | I40: Brake Electric 10" x 2-1/4" for 3,500-lb axles, Right Hand Self Adjusting EB-10RSA | K40: 9.88 | L40: =K40/2.2046 -> 4.4815386 | M40: 168 | O40: 1
A41: 12-464 | B41: B12EA-21 | D41: Weifang Airui | E41: B12EA-21 | F41: Brakes | G41: Brake | H41: Bulk | I41: Brake Electric 12" x 2" for 6-7,000 lb axles, Left Hand Self Adjusting EB-12LSA | K41: 14.75 | L41: =K41/2.2046 -> 6.6905561 | M41: 126 | O41: 1
A42: 12-465 | B42: B12EA-22 | D42: Weifang Airui | E42: B12EA-22 | F42: Brakes | G42: Brake | H42: Bulk | I42: Brake Electric 12" x 2" for 6-7,000 lb axles, Right Hand Self Adjusting EB-12RSA | K42: 14.75 | L42: =K42/2.2046 -> 6.6905561 | M42: 126 | O42: 1
A43: 12-434 | B43: B1208E-11 | D43: Weifang Airui | E43: B1208E-11 | F43: Brakes | G43: Brake | H43: Bulk | I43: Brake Electric 12-1/4 x 3-3/8" for 8,000-lb axles, Left Hand, 3-3/8", 4 holes EB-1208LSA | K43: 18.56 | L43: =K43/2.2046 -> 8.4187608 | M43: 90 | O43: 1
A44: 12-435 | B44: B1208E-12 | D44: Weifang Airui | E44: B1208E-12 | F44: Brakes | G44: Brake | H44: Bulk | I44: Brake Electric 12-1/4 x 3-3/8" for 8,000-lb axles, Right Hand, 3-3/8", 4 holes EB-1208RSA | K44: 18.56 | L44: =K44/2.2046 -> 8.4187608 | M44: 90 | O44: 1
A45: 12-450 | B45: B1210E-11 | D45: Weifang Airui | E45: B1210E-11 | F45: Brakes | G45: Brake | H45: Bulk | I45: 12-1/4 inch electric brake for 10,000-lb axles, left hand, 3-3/8", 7 holes EB-1210LSA | K45: 18.56 | L45: =K45/2.2046 -> 8.4187608 | M45: 90 | O45: 1
A46: 12-451 | B46: B1210E-12 | D46: Weifang Airui | E46: B1210E-12 | F46: Brakes | G46: Brake | H46: Bulk | I46: 12-1/4 inch electric brake for 10,000-lb axles, right hand, 3-3/8", 7 holes EB-1210RSA | K46: 18.56 | L46: =K46/2.2046 -> 8.4187608 | M46: 90 | O46: 1
A47: 12-442 | B47: B1212E-11 | D47: Weifang Airui | E47: B1212E-11 | F47: Brakes | G47: Brake | H47: Bulk | I47: 12-1/4 inch electric brake for 12,000-lb axles, left hand, 5" EB-1212LSA | K47: 20.9 | L47: =K47/2.2046 -> 9.4801778 | M47: 63 | O47: 1
A48: 12-443 | B48: B1212E-12 | D48: Weifang Airui | E48: B1212E-12 | F48: Brakes | G48: Brake | H48: Bulk | I48: 12-1/4 inch electric brake for 12,000-lb axles, right hand, 5" EB-1212RSA | K48: 20.9 | L48: =K48/2.2046 -> 9.4801778 | M48: 63 | O48: 1
A49: 12-000 | B49: WC | D49: Weifang Airui | E49: AF04040017 | F49: Brakes | G49: Hardware | H49: Bulk | I49: Wire Connector | J49: #VALUE! | N49: 2
A50: 12-001 | B50: LN38 | D50: Weifang Airui | E50: AD02000007 | F50: Brakes | G50: Hardware | H50: Bulk | I50: Nut Hex Lock - 3/8"-24 Thread End. For 5.2-7K Brake Assemblies | J50: #VALUE! | N50: 2
A51: 12-002 | B51: HB12-112 | D51: Weifang Airui | E51: AD01000266 | F51: Brakes | G51: Hardware | H51: Bulk | I51: Bolt, 1/2" - 20 x 1-1/2", brake mounting bolt. For 8K Brake Assemblies. | J51: #VALUE! | N51: 2
A52: 12-003 | B52: FN12 | D52: Weifang Airui | E52: AD02000078 | F52: Brakes | G52: Hardware | H52: Bulk | I52: Nut Hex - 1/2"-20 Flange Lock Nut. For 8K Brake Assemblies. | J52: #VALUE! | N52: 2
A53: 12-005 | B53: HB716-112 | D53: Weifang Airui | E53: AD01000324 | F53: Brakes | G53: Hardware | H53: Bulk | I53: Bolt, 7/16" - 20 x 1-1/2", brake mounting bolt. For 10-16K Brake Assemblies | J53: #VALUE! | N53: 2
A54: 12-006 | B54: FN716 | D54: Weifang Airui | E54: AD02000065 | F54: Brakes | G54: Hardware | H54: Bulk | I54: Nut Hex Lock - 7/16"-20 Flange Lock Nut. For 3.5K & 10-16K Brake Assemblies | J54: #VALUE! | N54: 2
A55: 11-025 | B55: HW-245-01 | D55: Jiaodong | F55: Brakes | G55: Hardware | H55: Bulk | I55: Drum Mounting bolt for 10K Hubs 1-1/2" Long, 1/2"-13 | J55: #VALUE! | N55: 2
F56: Brakes | G56: Hardware | H56: Bulk | I56: Drum Mounting bolt for 12K Hubs 1-3/4" Long, 1/2"-13 | N56: 2
A57: 12-795 | B57: BB10EA-21 | D57: Cambodia | F57: Brakes | G57: Brake - Kit | H57: Package Program | I57: GENUINE AXLETEK 3.5K 10 X 2 1/4 LH Electric Brake; Self Adjust; Includes 7/16" nuts & wire connector- BOXED | J57: #VALUE! | M57: 144 | N57: 1
A58: 12-796 | B58: BB10EA-22 | D58: Cambodia | F58: Brakes | G58: Brake - Kit | H58: Package Program | I58: GENUINE AXLETEK 3.5K 10 X 2 1/4 RH Electric Brake; Self Adjust; Includes 7/16" nuts & wire connector- BOXED | M58: 144 | N58: 1
A59: 12-803 | B59: BB12EA-21 | D59: Cambodia | F59: Brakes | G59: Brake - Kit | H59: Package Program | I59: GENUINE AXLETEK 7.0K 12 X 2 LH Electric Brake; Self Adjust; Includes 3/8" nuts & wire connector - BOXED | M59: 108 | N59: 1
A60: 12-804 | B60: BB12EA-22 | D60: Cambodia | F60: Brakes | G60: Brake - Kit | H60: Package Program | I60: GENUINE AXLETEK 7.0K 12 X 2 RH Electric Brake; Self Adjust; Includes 3/8" nuts & wire connector - BOXED | M60: 108 | N60: 1
A61: 12-830 | B61: BB1208E-11 | D61: Cambodia | F61: Brakes | G61: Brake - Kit | H61: Package Program | I61: GENUINE AXLETEK 8.0K 12-1/4 X 3-3/8 LH Electric Brake; 4-Hole; Dust Shield; Includes 1/2" Hardware & wire connector - BOXED | M61: 63 | N61: 1
A62: 12-831 | B62: BB1208E-12 | D62: Cambodia | F62: Brakes | G62: Brake - Kit | H62: Package Program | I62: GENUINE AXLETEK 8.0K 12-1/4 X 3-3/8 RH Electric Brake; 4-Hole; Dust Shield; Includes 1/2" Hardware & wire connector - BOXED | M62: 63 | N62: 1
A63: 12-832 | B63: BB1210E-11 | D63: Cambodia | F63: Brakes | G63: Brake - Kit | H63: Package Program | I63: GENUINE AXLETEK 10.0K GD 12-1/4 X 3-3/8 LH Electric Brake; 7-Hole; Self Adjust; Dust Shield; Includes 7/16" Hardware & wire connector - BOXED | M63: 63 | N63: 1
A64: 12-833 | B64: BB1210E-12 | D64: Cambodia | F64: Brakes | G64: Brake - Kit | H64: Package Program | I64: GENUINE AXLETEK 10.0K GD 12-1/4 X 3-3/8 RH Electric Brake; 7-Hole; Self Adjust; Dust Shield; Includes 7/16" Hardware & wire connector - BOXED | M64: 63 | N64: 1
A65: 12-834 | B65: BB1212E-11 | D65: Cambodia | F65: Brakes | G65: Brake - Kit | H65: Package Program | I65: GENUINE AXLETEK 12.0K 12-1/4 X 5 LH Electric Brake; 7-Hole; Self Adjust; Dust Shield; Includes 7/16" Hardware & wire connector - BOXED | M65: 63 | N65: 1
A66: 12-835 | B66: BB1212E-12 | D66: Cambodia | F66: Brakes | G66: Brake - Kit | H66: Package Program | I66: GENUINE AXLETEK 12.0K 12-1/4 X 5 RH Electric Brake; 7-Hole; Self Adjust; Dust Shield; Includes 7/16" Hardware & wire connector - BOXED | M66: 63 | N66: 1
A67: 12-892 | B67: DL-125-03 | D67: Jiaodong | E67: DL-125-03 | F67: Hub & Drum | G67: Seals | H67: Bulk | I67: Grease seal, I.D. 1.249" O.D. 1.983" Thickness 0.25 - 12192TB | J67: #VALUE! | N67: 2 | O67: 1000
A68: 12-860 | B68: DL-150-03 | D68: Jiaodong | E68: DL-150-03 | F68: Hub & Drum | G68: Seals | H68: Bulk | I68: Grease seal, I.D. 1.50" O.D. x 1.99" Thickness x 0.25 10-60 | N68: 2 | O68: 1000
A69: 12-819 | B69: DL-172-03 | C69: 10-19 | D69: Jiaodong | E69: DL-172-03 | F69: Hub & Drum | G69: Seals | H69: Bulk | I69: Grease seal, I.D. 1.72" O.D. 2.56" Thickness 0.50" 10-19 | K69: 0.074 | L69: =K69/2.2046 -> 0.03356618 | N69: 2 | O69: 480
A70: 12-837 | B70: DL-2125-03 | C70: 10-10 | D70: Jiaodong | E70: DL-2125-03 | F70: Hub & Drum | G70: Seals | H70: Bulk | I70: Grease seal, I.D. 2.125" O.D. 3.37" Thickness 0.31" 10-10 | K70: 0.092 | L70: =K70/2.2046 -> 0.041730926 | N70: 2 | O70: 300
A71: 12-836 | B71: DL-225-03 | C71: 10-36 | D71: Jiaodong | E71: DL-225-03 | F71: Hub & Drum | G71: Seals | H71: Bulk | I71: Grease seal, I.D. 2.25" O.D. 3.37" Thickness 0.375" 10-36 | K71: 0.097 | L71: =K71/2.2046 -> 0.043998911 | N71: 2 | O71: 300
A72: 12-863 | B72: OS-225 | C72: 225-15-08 / P10486 | E72: 370219BG | F72: Hub & Drum | G72: Seals | H72: Bulk | I72: Oil seal, AP15 2.250*3.371*0.475 10-63 NBR CARBON CASE CARBON SPRING | K72: 0.172 | L72: =K72/2.2046 -> 0.078018688 | N72: 2
A73: 12-851 | B73: OS-2875 | C73: 2875-08 / P10487 | E73: OB2838051 | F73: Hub & Drum | G73: Seals | H73: Bulk | I73: Oil seal, AP6 2.875*3.875*0.500 10-51 BLACK OD NBR CARBON CASE CARBON SPRING - Lippert | J73: #VALUE! | N73: 2
A74: 12-852 | B74: OS-2875R | C74: 2875-06 / P10488 | F74: Hub & Drum | G74: Seals | H74: Bulk | I74: Oil seal, AP6 2.875*3.875*0.500 10-51 RED OD NBR CARBON CASE CARBON SPRING FOR DEXTER | J74: #VALUE! | K74: 0.286 | L74: =K74/2.2046 -> 0.12972875 | N74: 2
A75: 12-856 | B75: OS-3125R | C75: 3125-06 / P10037 | E75: OB3145059 | F75: Hub & Drum | G75: Seals | H75: Bulk | I75: Oil seal, AP6 3.125*4.500*0.595 10- 56 RED OD NBR CARBON CASE CARBON SPRING | K75: 0.548 | L75: =K75/2.2046 -> 0.24857117 | N75: 2
A76: 11-850 | D76: In House | F76: Hub & Drum | G76: Seals - Kit | H76: Package Program | I76: GENUINE AXLETEK Grease Seal Kit 2K 1.25” I.D. | N76: 2
A77: 11-855 | D77: In House | F77: Hub & Drum | G77: Seals - Kit | H77: Package Program | I77: GENUINE AXLETEK Grease Seal Kit 2K 1.50” I.D. | N77: 2
A78: 11-860 | B78: 14-828 | D78: In House | F78: Hub & Drum | G78: Seals - Kit | H78: Package Program | I78: GENUINE AXLETEK Grease Seal Kit 3.5K 1.719” I.D. | J78: #VALUE! | N78: 2
A79: 11-865 | B79: 14-829 | D79: In House | F79: Hub & Drum | G79: Seals - Kit | H79: Package Program | I79: GENUINE AXLETEK Grease Seal Kit 5.2-8K 2.25” I.D. | N79: 2
A80: 11-870 | D80: In House | F80: Hub & Drum | G80: Seals - Kit | H80: Package Program | I80: GENUINE AXLETEK Grease Seal Kit 5-8K 2.125” I.D. | N80: 2
A81: 11-875 | D81: In House | F81: Hub & Drum | G81: Seals - Kit | H81: Package Program | I81: GENUINE AXLETEK Oil Bath Seal Kit 7-8K 2.25” I.D. 10-63 | N81: 2
A82: 11-880 | D82: In House | F82: Hub & Drum | G82: Seals - Kit | H82: Package Program | I82: GENUINE AXLETEK Oil Bath Seal Kit BLUE 10K 2.875” I.D. | N82: 2
A83: 11-885 | D83: In House | F83: Hub & Drum | G83: Seals - Kit | H83: Package Program | I83: GENUINE AXLETEK Oil Bath Seal Kit RED 10K 2.875” I.D. 10-51 | N83: 2
A84: 11-890 | D84: In House | F84: Hub & Drum | G84: Seals - Kit | H84: Package Program | I84: GENUINE AXLETEK Oil Bath Seal Kit RED 12K 3.125 I.D. 10-56 | N84: 2
A85: 11-101 | B85: DC-198Z | C85: DC-198Z | D85: Jiaodong | E85: GC545EZ | F85: Hub & Drum | G85: Caps | H85: Bulk | I85: 1.98" Lube type dust cap, rubber plug included | J85: #VALUE! | K85: 0.094 | L85: =K85/2.2046 -> 0.04263812 | N85: 2 | O85: 324
A86: 11-106 | B86: DC-244Z | C86: DC-244Z | D86: Jiaodong | E86: GC655EZ | F86: Hub & Drum | G86: Caps | H86: Bulk | I86: 2.44" Lube type dust cap, rubber plug included | K86: 0.122 | L86: =K86/2.2046 -> 0.055338837 | N86: 2 | O86: 225
A87: 11-111 | B87: DC-272Z | C87: DC-272Z | D87: Jiaodong | E87: GC865EZ | F87: Hub & Drum | G87: Caps | H87: Bulk | I87: 2.72" Lube type dust cap, rubber plug included | K87: 0.134 | L87: =K87/2.2046 -> 0.060782001 | N87: 2 | O87: 200
A88: 11-131 | B88: DC-P | C88: DC-P | D88: Weifang Airui | E88: AL02000083 | F88: Hub & Drum | G88: Caps | H88: Bulk | I88: Rubber plugs for grease caps | K88: 0.016 | L88: =K88/2.2046 -> 0.0072575524 | N88: 2
A89: 11-116 | B89: DC-198 | C89: DC-198 | D89: Jiaodong | E89: GC545 | F89: Hub & Drum | G89: Caps | H89: Bulk | I89: 1.98" dust cap | N89: 2 | O89: 396
A90: 11-121 | B90: DC-244 | C90: DC-244 | D90: Jiaodong | E90: GC655 | F90: Hub & Drum | G90: Caps | H90: Bulk | I90: 2.44" dust cap | N90: 2 | O90: 275
A91: 11-126 | B91: DC-272 | C91: DC-272 | D91: Jiaodong | E91: GC865 | F91: Hub & Drum | G91: Caps | H91: Bulk | I91: 2.72" dust cap | N91: 2 | O91: 250
A92: 11-100 | D92: In House | F92: Hub & Drum | G92: Caps - Kit | H92: Package Program | I92: GENUINE AXLETEK Dust Cap, Lubed 1.99 for 2-3.5K axle. Includes plug. | J92: #VALUE! | N92: 2
A93: 11-105 | D93: In House | F93: Hub & Drum | G93: Caps - Kit | H93: Package Program | I93: GENUINE AXLETEK Dust Cap, Lubed 2.44 for 5.2-6K axle. Includes plug. | N93: 2
A94: 11-110 | D94: In House | F94: Hub & Drum | G94: Caps - Kit | H94: Package Program | I94: GENUINE AXLETEK Dust Cap, Lubed 2.72 for 7-8K axle. Includes plug. | N94: 2
A95: 11-115 | D95: In House | F95: Hub & Drum | G95: Caps - Kit | H95: Package Program | I95: GENUINE AXLETEK Dust Cap, 1.99 for 2-3.5K axle. | N95: 2
A96: 11-120 | D96: In House | F96: Hub & Drum | G96: Caps - Kit | H96: Package Program | I96: GENUINE AXLETEK Dust Cap, 2.44 for 5.2-6K axle. | N96: 2
A97: 11-125 | D97: In House | F97: Hub & Drum | G97: Caps - Kit | H97: Package Program | I97: GENUINE AXLETEK Dust Cap, 2.72 for 7-8K axle. | N97: 2
A98: 11-130 | D98: In House | F98: Hub & Drum | G98: Caps - Kit | H98: Package Program | I98: GENUINE AXLETEK Dust Cap, replacement rubber plug. | N98: 2
A99: 11-201 | B99: OC-2875 | C99: 21-35 | D99: Weifang Airui | E99: AL02000163 （27/8-12UN-2A） | F99: Hub & Drum | G99: Caps - Kit | H99: Bulk | I99: Oil cap 8K for 1004-0113 with rubber plug and rubber o-ring | K99: 0.132 | L99: =K99/2.2046 -> 0.059874807 | N99: 2
A100: 11-206 | B100: OC-350 | C100: 86510-16-NS | D100: Weifang Airui | E100: AL02000197 （3.5"-12UN-2A） | F100: Hub & Drum | G100: Caps - Kit | H100: Bulk | I100: Oil caps for 10GD with rubber plug and rubber o-ring 3.50" | N100: 2
A101: 11-211 | B101: OC-400 | C101: 86510-16 | D101: Weifang Airui | E101: AL02000112 （4"-12UN-2A） | F101: Hub & Drum | G101: Caps - Kit | H101: Bulk | I101: Oil caps for 10-16K wth rubber plug and rubber o-ring 4.00" | N101: 2
...

Sheet GS1
A1: Part # | B1: Description | C1: UPC | D1: Confirmed FOB Asia Cost from Peter MARK
A2: 10-824 | B2: GENUINE AXLETEK RETURN SPRING KIT FOR 10 x 2-1/4 and 12 x 2" electric brakes without parking feature | C2: 810797030025
A3: 10-825 | B3: GENUINE AXLETEK HOLD-DOWN KIT ELECTRIC BRAKES | C3: 810797030001
A4: 10-826 | B4: GENUINE AXLETEK BRAKE ADJ SCREW KIT, 10 x 1-1/2", 10 x 2-1/4" hydraulic and electric, and 12 x 2" electric brakes | C4: 810797030032
A5: 10-827 | B5: GENUINE AXLETEK BRAKE ADJ SCREW KIT, 7" ELECTRIC BRAKE | C5: 810797030049
A6: 11-808 | B6: GENUINE AXLETEK 7K OUTER/INNER BEARING 12" HUB | C6: 810797030094
A7: 11-811 | B7: GENUINE AXLETEK 6K INNER BEARING 15245/15123 | C7: 810797030100
A8: 11-812 | B8: GENUINE AXLETEK 3.5K BEARING L44610/L44649 | C8: 810797030117
A9: 11-813 | B9: GENUINE AXLETEK 5.2,6,7&8K BEARING 25520/25580 | C9: 810797030124
A10: 11-814 | B10: GENUINE AXLETEK INR/OTR BEARNG LM67010/LM67048 | C10: 810797030131
A11: 11-815 | B11: GENUINE AXLETEK INR/OTR BEARNG LM68149/11 | C11: 810797030148
A12: 11-830 | B12: GENUINE AXLETEK MAGNET RETAINING CLIPS (3.5K-7.2K Electric Brakes) PAK/10 | C12: 810797030155
A13: 12-784 | B13: GENUINE AXLETEK 3.5K 10 X 2 1/4 RH Hydraulic Brake; Uni-Servo; E-Coat - BOXED | C13: 810797030247
... A53: 13-819 | B53: GENUINE AXLETEK 12" MAGNET KIT (5.2K-7K) BRAKE | C53: 810797030087
A54: 14-828 | B54: GENUINE AXLETEK GREASE SEALS, PAK/2 DL-172-03 | C54: 810797030018 | E54: will move to 11-860
A55: 14-829 | B55: GENUINE AXLETEK GREASE SEALS, PAK/2 DL-225-03 | C55: 810797030056 | E55: will move to 11-865
A56: 15-816 | B56: GENUINE AXLETEK ELECTRIC BRAKE SHOE/LINING KIT FOR 7" (2K) BRAKE | C56: 810797030186
A57: 15-820 | B57: GENUINE AXLETEK ELECTRIC BRAKE SHOE/LINING KIT FOR 5.2K-7K BRAKE | C57: 810797030179
A58: 15-821 | B58: GENUINE AXLETEK ELECTRIC BRAKE SHOE/LINING KIT FOR 10" (3.5K) | C58: 810797030162
A59: 15-822 | B59: GENUINE AXLETEK 3.5K 10 X 2 1/4 Hydraulic BRAKE SHOE KIT 10" HYD | C59: 810797030193
A60: 15-823 | B60: GENUINE AXLETEK 7.0K 12 X 2 RH Hydraulic Brake SHOE KIT 12" HYD | C60: 810797030209
A61: 17-100 | B61: GENUINE AXLETEK IDLER HUB 4-4.00 BC 2000# Kit, Bearings, Seal, Lube Dust Cap & Plug, Wheel Nuts, Hdwe, Pre-Greased - Boxed | C61: 810797030681
A62: 17-170 | B62: GENUINE AXLETEK IDLER HUB 4-4.40 BC 2000# Kit, BT8 1" Spindle, Bearings, Seal, Lube Dust Cap & Plug, Wheel Nuts, Wheel Nuts, Hdwe, Pre-Greased - Boxed | C62: 810797030971
A63: 17-175 | B63: GENUINE AXLETEK IDLER HUB 4-4.40 BC 2000# Kit, BTR 1-1/16" Spindle, Bearings, Seal, Lube Dust Cap & Plug, Wheel Nuts, Hdwe, Pre-Greased - Boxed | C63: 810797030988
A64: 17-105 | B64: GENUINE AXLETEK IDLER HUB 5-4.50 BC 2000# Kit, Bearings, Seal, Lube Dust Cap & Plug, Wheel Nuts, Hdwe, use with 8-12" Wheels, Pre-Greased - Boxed | C64: 810797030704
A65: 17-145 | B65: GENUINE AXLETEK IDLER HUB 5-4.50 BC 2000# Kit, BT8 1" Spindle, Bearings, Seal, Lube Dust Cap & Plug, Wheel Nuts, Hdwe, use with 8-12" Wheels, Pre-Greased - Boxed | C65: 810797030902
A66: 17-150 | B66: GENUINE AXLETEK IDLER HUB 5-4.50 BC 2000# Kit, BTR 1-1/16" Spindle, Bearings, Seal, Lube Dust Cap & Plug, Wheel Nuts, Hdwe, use with 8-12" Wheels, Pre-Greased - Boxed | C66: 810797030933
A67: 17-155 | B67: GENUINE AXLETEK IDLER HUB 5-4.50 BC 2000# Kit, 6-1/2" Flange, Bearings, Seal, Lube Dust Cap & Plug, Wheel Nuts, Hdwe, use with 13" to 15" Wheels, Pre-Greased - Boxed | C67: 810797030940
... A106: 21-206 | B106: GENUINE AXLETEK Hanger Kit, Tandem for 1.75" Double Eye Springs (3.5-7K Axle) 6 ea - 2.5" TCH hangers - APT9 | C106: 810797031282
A107: 21-207 | B107: GENUINE AXLETEK Hanger Kit, Triple for 2.00" Slipper Springs 4" Hangers E4541 (5.2-8K Axle) APTT6SE | C107: 810797031299 | D107: SAME AS 21-205
A108: 21-300 | B108: GENUINE AXLETEK Hanger Kit, Single for 2.50" Slipper Springs (10KGD Axle) - HAP158 | C108: 810797031305
A109: 21-305 | B109: GENUINE AXLETEK Hanger Kit, Tandem Add-on for 2.50" Slipper Springs, (10KGD Axle) use with 21-300, 42 1/4" axle spacing - HAP25802 | C109: 810797031312
A110: 21-310 | B110: GENUINE AXLETEK Hanger Kit, Tandem Add-on for 2.50" Slipper Springs, (10KGD Axle) use with 21-300, 48 1/2" axle spacing - HAP25803 | C110: 810797031329
A111: 21-315 | B111: GENUINE AXLETEK Hanger Kit, Single for 3.00" Slipper Springs (12K Axle) - HAP103 | C111: 810797031336
A112: 21-320 | B112: GENUINE AXLETEK Hanger Kit, Tandem Add-on for 3.00" Slipper Springs, (12K Axle) use with 21-315, 42 1/4" axle spacing - HAP20302 | C112: 810797031343
A113: 21-325 | B113: GENUINE AXLETEK Hanger Kit, Tandem Add-on for 3.00" Slipper Springs, (12K Axle) use with 21-315, 48 1/2" axle spacing - HAP20303 | C113: 810797031350
A114: 21-500 | B114: GENUINE AXLETEK Suspension Repair Kit. Includes 2.625 Shackle Straps, 3" Bolt w/ nut & E1 Cast Equalizer. For 1.75” Double Eye Springs | C114: 810797031367
A115: 21-501 | B115: GENUINE AXLETEK Suspension Repair Kit. Includes 3.125 Shackle Straps, 3" Bolt w/ nut & E1 Cast Equalizer. For 1.75” Double Eye Springs | C115: 810797031374
A116: 21-515 | B116: GENUINE AXLETEK Suspension Repair Kit. Includes 12” Equalizer (Black Powder Coat) & hardware. For 2” Slipper Springs | C116: 810797031381
A117: 11-850 | B117: GENUINE AXLETEK Grease Seal Kit 2K 1.25” I.D. | C117: 810797031398
A118: 11-855 | B118: GENUINE AXLETEK Grease Seal Kit 2K 1.50” I.D. | C118: 810797031404
A119: 11-860 | B119: GENUINE AXLETEK Grease Seal Kit 3.5K 1.719” I.D. | C119: 810797031411 | D119: 14-828
A120: 11-865 | B120: GENUINE AXLETEK Grease Seal Kit 5.2-8K 2.25” I.D. | C120: 810797031428 | D120: 14-829
A121: 11-870 | B121: GENUINE AXLETEK Grease Seal Kit 5-8K 2.125” I.D. | C121: 810797031435
A122: 11-875 | B122: GENUINE AXLETEK Oil Bath Seal Kit 7-8K 2.25” I.D. 10-63 | C122: 810797031442
A123: 11-880 | B123: GENUINE AXLETEK Oil Bath Seal Kit BLUE 10K 2.875” I.D. | C123: 810797031459
A124: 11-885 | B124: GENUINE AXLETEK Oil Bath Seal Kit RED 10K 2.875” I.D. 10-51 | C124: 810797031466
A125: 11-890 | B125: GENUINE AXLETEK Oil Bath Seal Kit RED 12K 3.125 I.D. 10-56 | C125: 810797031473
A126: 11-100 | B126: GENUINE AXLETEK Dust Cap, Lubed 1.99 for 2-3.5K axle. Includes plug. | C126: 810797031480
A127: 11-105 | B127: GENUINE AXLETEK Dust Cap, Lubed 2.44 for 5.2-6K axle. Includes plug. | C127: 810797031497
A128: 11-110 | B128: GENUINE AXLETEK Dust Cap, Lubed 2.72 for 7-8K axle. Includes plug. | C128: 810797031503
A129: 11-115 | B129: GENUINE AXLETEK Dust Cap, 1.99 for 2-3.5K axle. | C129: 810797031510
A130: 11-120 | B130: GENUINE AXLETEK Dust Cap, 2.44 for 5.2-6K axle. | C130: 810797031527
A131: 11-125 | B131: GENUINE AXLETEK Dust Cap, 2.72 for 7-8K axle. | C131: 810797031534
A132: 11-130 | B132: GENUINE AXLETEK Dust Cap, replacement rubber plug. | C132: 810797031541
... A136: 11-210 | B136: GENUINE AXLETEK Oil Cap Kit, for 10-16K. 3.97" O.D. threading. Includes rubber plug and rubber o-ring 4.00" | C136: 810797031572
A138: 11-202 | B138: Oil cap KIT for 6-8K Hub DEXTER / LIPPERT, 2.875" Universal Thread, Aluminum , ST2875 | C138: 20860002608000 | D138: valcrum code
A139: 11-207 | B139: Oil cap KIT for 10K GD DEXTER Hub, 3.50" Universal Thread, Aluminum, ST350 | C139: 20860002608017 | D139: valcrum code
A140: 11-213 | B140: Oil cap KIT for 10-16K (deep) DEXTER / LIPPERT Hub, 4.00" Universal Thread, Aluminum, ST400L | C140: 20860002608024 | D140: valcrum code
A141: 11-214 | B141: Oil cap KIT for 9-16K ALKO Hub, 3.75" Universal Thread, Aluminum, ST375 | C141: 20860002608031 | D141: valcrum code
A143: 11-300 | B143: GENUINE AXLETEK Castle Nut Kit, 1-1/4"-14 for 2,000-8,000 lb axle (6-Castellation) includes washer and cotter pin | C143: 810797031589
A144: 11-305 | B144: GENUINE AXLETEK Castle Nut Kit, 1-1/4"-14 for 2,000-8,000 lb axle (6-Castellation) includes "D" washer and Retainer | C144: 810797031596
A145: 11-310 | B145: GENUINE AXLETEK Spindle Lug Kit 10K, 6-slot castle spindle nut with 1-1/2"-12, washer and cotter pin | C145: 810797031602
A146: 11-315 | B146: GENUINE AXLETEK Spindle Lug Kit 12K, 6-slot castle spindle nut with 1-3/4"-12, washer and cotter pin | C146: 810797031619
A148: 11-500 | B148: GENUINE AXLETEK Bearing Kit 2K BT8 Kit - L44643 Bearing & 1.249" Seal I.D. | C148: 810797031626
A149: 11-505 | B149: GENUINE AXLETEK Bearing Kit 2K BTR Kit - L44649 Bearing & 1.500" Seal I.D. | C149: 810797031633
A150: 11-510 | B150: GENUINE AXLETEK Bearing Kit 3.5K Kit - L68149 Inner / L44649 Outer GENUINE AXLETEK Bearing & 1.719" Seal I.D. | C150: 810797031640
A151: 11-515 | B151: GENUINE AXLETEK Bearing Kit 5.2K Kit - 25580 Inner / LM67048 Outer Bearing & 2.250" Seal I.D. | C151: 810797031657
A152: 11-520 | B152: GENUINE AXLETEK Bearing Kit 5.2-6K Kit - 25580 Inner/ 15123 Outer Bearing & 2.125" Seal I.D. | C152: 810797031664
A153: 11-525 | B153: GENUINE AXLETEK Bearing Kit 6K Kit - 25580 Inner / 15123 Outer Bearing & 2.250" Seal I.D. | C153: 810797031671
A154: 11-530 | B154: GENUINE AXLETEK Bearing Kit 7K Kit - 25580 Inner / 14125A Outer Bearing & 2.125" Seal I.D. | C154: 810797031688
A155: 11-535 | B155: GENUINE AXLETEK Bearing Kit 7K Kit - 25580 Inner / 14125A Outer Bearing & 2.250" Seal I.D. | C155: 810797031695
... A166: 11-425 | B166: GENUINE AXLETEK Wheel Nut Flange Swivel 5/8"-18, 1-1/8" O.D. PK/8 | C166: 810797031794
E167: Bulk | G167: Tow Pro
A168: 11-600 | B168: GENUINE AXLETEK Stud Press-in 1/2"-20 x 1.80" long, .26 Spline Length, .545 knurl, Black | C168: 810797031800 | D168: WAITING ON CONFIRMATION | E168: 11-600 | F168: HW-246-01 | G168: 11-620 | H168: Stud Press-in 1/2"-20 x 1.95" long, .26 Spline Length, .545 knurl, Yellow Zinc - GENUINE AXLETEK
A169: 11-605 | B169: GENUINE AXLETEK Stud Press-in 1/2"-20 x 1.99" long, .39 Spline Length, .610 knurl, Black | C169: 810797031817 | D169: WAITING ON CONFIRMATION | E169: 11-605 | F169: HW-122-01 | G169: 11-622 | H169: Stud Press-in 1/2"-20 x 1.99" long, .39 Spline Length, .610 knurl, Yellow Zinc - GENUINE AXLETEK
A170: 11-610 | B170: GENUINE AXLETEK Stud Press-in 9/16"-18, 2.30 GENUINE AXLETEK Stud Length, .31 Spline Length, .689 knurl, Black | C170: 810797031824 | D170: WAITING ON CONFIRMATION | E170: 11-610 | F170: HW-132-01 | G170: 11-624 | H170: Stud Press-in 9/16"-18, 2.30 Stud Length, .31 Spline Length, .689 knurl, Yellow Zinc - GENUINE AXLETEK
A171: 11-615 | B171: GENUINE AXLETEK Stud Press-in 5/8"-18, 3.45 GENUINE AXLETEK Stud Length, .57 Spline Length, .690 knurl, Black | C171: 810797031831 | D171: WAITING ON CONFIRMATION | E171: 11-615 | F171: HW-242-02 | G171: 11-628 | H171: Stud Press-in 9/16"-18, 2.30 Stud Length, .68 Spline Length, .690 knurl, Zinc - GENUINE AXLETEK
A172: 11-620 | B172: GENUINE AXLETEK Stud Press-in 9/16"-18, 2.30 GENUINE AXLETEK Stud Length, .68 Spline Length, .690 knurl, Black | C172: 810797031848 | D172: WAITING ON CONFIRMATION | E172: 11-620 | F172: HW-232-00 | G172: 11-625 | H172: Stud Press-in 5/8"-18, 2.75 Stud Length, .31 Spline Length, .690 knurl, Black - GENUINE AXLETEK
A173: 11-625 | B173: GENUINE AXLETEK Stud Press-in 5/8"-18, 2.75 GENUINE AXLETEK Stud Length, .31 Spline Length, .690 knurl, Black | C173: 810797031855 | D173: WAITING ON CONFIRMATION | E173: 11-625 | F173: HW115-01 | G173: 11-627 | H173: Stud Press-in 5/8"-18, 3.16 Stud Length, .31 Spline Length, .690 knurl, Yellow Zinc - GENUINE AXLETEK
A175: 21-600 | B175: GENUINE AXLETEK Bushing, Nylon 9/16" x 1-3/4" for Springs & Cast Equalizer | C175: 810797031862
A176: 21-601 | B176: GENUINE AXLETEK Bushing, Nylon 9/16" x 2" for Springs | C176: 810797031879
A178: 21-700 | B178: GENUINE AXLETEK Bolt, Shackle 3" long x 9/16" diameter, PK/4 | C178: 810797031886
A179: 21-705 | B179: GENUINE AXLETEK Bolt, Shackle 3-1/2" long x 9/16" diameter, PK/4 | C179: 810797031893
A181: 21-730 | B181: GENUINE AXLETEK Equalizer Bolt Kit for 2" Springs | C181: 810797031947
A183: 21-800 | B183: GENUINE AXLETEK Shackle Strap 2.25" hole center PK/4
A184: 21-725 | B184: GENUINE AXLETEK Shackle Strap 2.625" hole center PK/4
A185: 21-728 | B185: GENUINE AXLETEK Shackle Strap 3.125" hole center PK/4
A187: 40-115 | B187: TowPro Jack Pin, 9/16" x 3-1/2", replacement pin for 40-321, 322, 323 & 325 Jacks | C187: 810797031954
A188: 40-120 | B188: TowPro Jack Pin, 5/8" x 4", replacement pin for 40-354, 356, 357 & 358 Jacks | C188: 810797031961
A189: 40-125 | B189: TowPro Jack Pin, 9/16" x 2-3/4", replacement pin for 40-451, 452 & 453 Jacks | C189: 810797031978
A191: 50-101 | B191: TowPro Pin for Sleeve Lock Couplers. 5/16" x 2-3/4" Usable Length | C191: 810797031985
A193: 10-900 | B193: TowPro Breakaway Kit w/ LED Test Light, Side Load, Includes Battery Box, Battery, Switch, Charger and Wire Leads | C193: 810797031909
A194: 10-950 | B194: TowPro Breakaway Switch with Cable | C194: 810797031916
A195: 10-951 | B195: TowPro Breakaway Replacement Pin & Cable | C195: 810797031923
A196: 10-980 | B196: TowPro Breakaway Battery 12v 5A | C196: 810797031930
A198: 60-500 | B198: TowPro 1/4 Inch Black Trailer Hitch Coupler Lock | C198: 810797031992
A199: 60-501 | B199: TowPro 5/8 Inch x 3 inch Black Trailer Hitch Pin and Clip With Grooved Head | C199: 810797032005
A200: 60-502 | B200: TowPro 5/8 Inch x 3.5 inch Black Trailer Hitch Pin and Clip With Grooved Head | C200: 810797032715
A201: 60-503 | B201: TowPro 5/8 Inch Black Trailer Hitch Receiver Bent Pin Lock | C201: 810797032012
...

Sheet Clam Shells
A1: Clamshell | B1: Card Size | C1: Cavity Size | D1: Link
A2: 409TF | B2: Length F = 7.125" / Width H = 4.343" | C2: Length C = 5.563" / Width D = 3.188" / Depth E = 1.625" | D2: https://store.visipak.com/stock-clamshell-packaging-409tf/
A3: 206TF | B3: Length F = 6.437" / Width H = 3.140" | C3: Length C = 4.688" / Width D = 2.313" / Depth E = 1.313" | D3: https://store.visipak.com/stock-clamshell-packaging-206tf/?srsltid=AfmBOooK8x7Avml7jQVBwErgrG-hUranuU7G8_7DSXT9UBCDzP70u69P
A4: 277TF | B4: Length F = 5.750" / Width H = 4.343" | C4: Length C = 4.250" / Width D = 3.875" / Depth E = 2.000" | D4: https://store.visipak.com/stock-clamshell-packaging-277tf/?srsltid=AfmBOoqfP7aE_9MlJeYegbhhhKFUhyNstFDiD1wbY6c5_FLvwsFwgREJ

Sheet Inventory
A2: TowParts | B2: Desc | C2: Wt (lb) | D2: Wt (kg) | E2: Pallet Qty | F2: On Hand | G2: Date | H2: Vendor | I2: PO | J2: Qty | K2: Est $ Landed | L2: Actual $ Landed | M2: Diff | N2: ETA | O2: Date | P2: Vendor | Q2: PO | R2: Qty | S2: Est $ Landed | T2: ETA | U2: Date | V2: Vendor | W2: PO | X2: Qty | Y2: ETA | Z2: Date | AA2: Vendor | AB2: PO | AC2: Qty | AD2: ETA
B3: Hub 3.5K 5 on 4.5" Pre-Greased , L44649 / L68149 bearing 1.72 Seal - GALVANIZED | C3: 8.14 | D3: 3.6922798
B4: Hub 3.5K 5 on 4.5" Pre-Greased , L44649 / L68149 bearing 1.72 Seal | C4: 8.14 | D4: 3.6922798
B5: Hub 3.5K 5 on 5.50" Pre-Greased , L44649 / L68149 bearing 1.72 Seal | C5: 8.14 | D5: 3.6922798
B6: Hub 6.0K 6 on 5.5" Pre-Greased EZ (Boxed - BULK) 15123 / 25580 Bearing 2.25 seal | C6: 15.48 | D6: 7.0216819
B7: Hub & Drum 3.5K 5 on 4.5" Pre-Greased EZ (BULK). L44649 / L68149 bearing 1.72 Seal | C7: 20.94 | D7: 9.4983217
B8: Hub & Drum 3.5K 5 on 5.0" Pre-Greased EZ (Boxed - BULK). L44649 / L68149 bearing 1.72 Seal | C8: 20.94 | D8: 9.4983217 | F8: ?
B9: Hub & Drum 3.5K 6 on 5.5" Pre-Greased , L44649 / L68149 bearing 1.72 Seal | D9: 9.4027778
B10: Hub & Drum 6.0K 6 on 5.5" Pre-Greased , 15123 / 25580 Bearing, 2.25 seal | C10: 32.36 | D10: 14.6784
B11: Hub & Drum 7.K 8 on 6.5" Pre-Greased , 14125A / 25580 bearing 1/2" Studs 2.25 Seal | C11: 35.35 | D11: 16.034655
B12: Hub & Drum 7K 8 on 6.5" Pre-Greased , 14125A / 25580 bearing 9/16" Studs 2.25 Seal | C12: 35.7 | D12: 16.193414
A13: 17-310 | B13: HUB 3.5K, 5-4.50 Pre-Greased Kit, L44649 / L68149 Bearings, 1.72" Seal, Lube Dust Cap & Plug, Wheel Nuts, Hdwe, GALVANIZED - GENUINE AXLETEK, Boxed | D13: 3.875 | E13: =VLOOKUP(A13,'[1]Master Data'!A:AB,18,FALSE) -> 0 | K13: 16.78 | O13: 45837 | P13: Jiaodong | Q13: 25-12587 | R13: 240 | S13: 16.78 | T13: =O13+90 -> 45927
A14: 17-335 | B14: HUB 6K, 6-5.50 Pre-Greased Kit, 15123 / 25580 Bearings, 2.25 Seal, Lube Dust Cap & Plug, Wheel Nuts, Hdwe, GALVANIZED - GENUINE AXLETEK, Boxed | D14: 8.2053571 | E14: =VLOOKUP(A14,'[1]Master Data'!A:AB,18,FALSE) -> 0 | K14: 28.18 | O14: 45837 | P14: Jiaodong | Q14: 25-12587 | R14: 140 | S14: 28.18 | T14: =O14+90 -> 45927
A15: 17-340 | B15: HUB 7K 8-6.50 Pre-Greased Kit, 14125A / 25580 Bearings, 2.25 Seal, Lube Dust Cap & Plug, Wheel Nuts, Hdwe, GALVANIZED - GENUINE AXLETEK, Boxed | D15: 8.3583333 | E15: =VLOOKUP(A15,'[1]Master Data'!A:AB,18,FALSE) -> 0 | K15: 34.92 | O15: 45837 | P15: Jiaodong | Q15: 25-12587 | R15: 120 | S15: 34.92 | T15: =O15+90 -> 45927
A16: 17-170 | B16: HUB 1K, 4-4.00 Pre-Greased Kit, BT8, L44643 Bearings, 1.25" Seal, Lube Dust Cap & Plug, Wheel Nuts, Hdwe, GENUINE AXLETEK, Boxed
A17: 17-175 | B17: HUB 2K, 4-4.00 Pre-Greased Kit, BTR, L44649 Bearings, 1.50" Seal, Lube Dust Cap & Plug, Wheel Nuts, Hdwe, GENUINE AXLETEK, Boxed
A18: 17-145 | B18: HUB 1K, 5-4.50 Pre-Greased Kit, BT8 5-1/2" Flange, L44643 Bearings, 1.25" Seal, Lube Dust Cap & Plug, Wheel Nuts, Hdwe, 5.5 for 8-12" Wheel, GENUINE AXLETEK, Boxed | D18: 70
A19: 17-150 | B19: HUB 2K, 5-4.50 Pre-Greased Kit, BTR 5-1/2" Flange, L44649 Bearings, 1.50" Seal, Lube Dust Cap & Plug, Wheel Nuts, Hdwe, 5.5 for 8-12" Wheel, GENUINE AXLETEK, Boxed | D19: 70
A20: 17-160 | B20: HUB 1K, 5-4.50 Pre-Greased Kit, BT8 6-1/2" Flange, L44643 Bearings, 1.25" Seal, Lube Dust Cap & Plug, Wheel Nuts, Hdwe, 6.5 Flange 13-15" Wheel, GENUINE AXLETEK, Boxed | D20: 70 | O20: 45837 | P20: Jiaodong | Q20: 25-12587 | R20: 70 | T20: =O20+90 -> 45927
A21: 17-165 | B21: HUB 2K, 5-4.50 Pre-Greased Kit, BTR 6-1/2" Flange, L44649 Bearings, 1.50" Seal, Lube Dust Cap & Plug, Wheel Nuts, Hdwe, 6.5 Flange 13-15" Wheel, GENUINE AXLETEK, Boxed | D21: 70 | O21: 45837 | P21: Jiaodong | Q21: 25-12587 | R21: 140 | T21: =O21+90 -> 45927
A22: 17-110 | B22: HUB 3.5K, 5-4.50 Pre-Greased Kit, L44649 / L68149 Bearings, 1.72" Seal, Lube Dust Cap & Plug, Wheel Nuts, Hdwe, GENUINE AXLETEK, Boxed | D22: 3.875 | E22: =VLOOKUP(A22,'[1]Master Data'!A:AB,18,FALSE) -> 0 | G22: 45775 | H22: Jiaodong | I22: 25-12353 | J22: 240 | K22: 13.39 | L22: 16.39 | M22: =SUM(L22-K22)/L22 -> 0.18303844 | N22: =G22+90 -> 45865 | O22: 45837 | P22: Jiaodong | Q22: 25-12587 | R22: 240 | S22: 13.39 | T22: =O22+90 -> 45927
A23: 17-115 | B23: HUB 3.5K, 5-5.00 Pre-Greased Kit, L44649 / L68149 Bearings, 1.72" Seal, Lube Dust Cap & Plug, Wheel Nuts, Hdwe, GENUINE AXLETEK, Boxed | D23: 3.875 | E23: =VLOOKUP(A23,'[1]Master Data'!A:AB,18,FALSE) -> 0 | K23: 13.39 | O23: 45837 | P23: Jiaodong | Q23: 25-12587 | R23: 240 | S23: 13.39 | T23: =O23+90 -> 45927
A24: 17-130 | B24: HUB 3.5K, 6-5.50 Pre-Greased Kit, L44649 / L68149 Bearings, 1.72" Seal, Lube Dust Cap & Plug, Wheel Nuts, Hdwe, GENUINE AXLETEK, Boxed | D24: 4.552381 | E24: =VLOOKUP(A24,'[1]Master Data'!A:AB,18,FALSE) -> 0 | K24: 15.01 | O24: 45837 | P24: Jiaodong | Q24: 25-12587 | R24: 210 | S24: 15.01 | T24: =O24+90 -> 45927
A25: 17-135 | B25: HUB 6K, 6-5.50 Pre-Greased Kit, 15123 / 25580 Bearings, 2.25 Seal, Lube Dust Cap & Plug, Wheel Nuts, Hdwe, GENUINE AXLETEK, Boxed | D25: 8.2053571 | E25: =VLOOKUP(A25,'[1]Master Data'!A:AB,18,FALSE) -> 0 | G25: 45775 | H25: Jiaodong | I25: 25-12353 | J25: 140 | K25: 22.38898 | L25: 27.3 | M25: =SUM(L25-K25)/L25 -> 0.17989084 | N25: =G25+90 -> 45865 | O25: 45837 | P25: Jiaodong | Q25: 25-12587 | R25: 140 | S25: 22.39 | T25: =O25+90 -> 45927
A26: 17-140 | B26: HUB 7K 8-6.50 Pre-Greased Kit, 14125A / 25580 Bearings, 2.25 Seal, Lube Dust Cap & Plug, Wheel Nuts, Hdwe, GENUINE AXLETEK, Boxed | D26: 8.3583333 | E26: =VLOOKUP(A26,'[1]Master Data'!A:AB,18,FALSE) -> 0 | G26: 45775 | H26: Jiaodong | I26: 25-12353 | J26: 120 | K26: 27.322715 | L26: 33.29 | M26: =SUM(L26-K26)/L26 -> 0.17925156 | N26: =G26+90 -> 45865
A27: 19-100 | B27: HUB & DRUM 3.5K, 5-4.50 Pre-Greased Kit, L44649 / L68149 Bearings, 1.72" Seal, Lube Dust Cap & Plug, Wheel Nuts, Hdwe, GENUINE AXLETEK, Boxed | D27: 9.6527778 | E27: =VLOOKUP(A27,'[1]Master Data'!A:AB,18,FALSE) -> 0 | G27: 45775 | H27: Jiaodong | I27: 25-12353 | J27: 144 | K27: 24.987241 | L27: 27.63 | M27: =SUM(L27-K27)/L27 -> 0.095648168 | N27: =G27+90 -> 45865 | O27: 45837 | P27: Jiaodong | Q27: 25-12587 | R27: 72 | S27: 24.99 | T27: =O27+90 -> 45927
A28: 19-110 | B28: HUB & DRUM 3.5K, 5-5.00 Pre-Greased Kit, L44649 / L68149 Bearings, 1.72" Seal, Lube Dust Cap & Plug, Wheel Nuts, Hdwe, GENUINE AXLETEK, Boxed | D28: 9.6527778 | E28: =VLOOKUP(A28,'[1]Master Data'!A:AB,18,FALSE) -> 0 | K28: 24.987241 | O28: 45837 | P28: Jiaodong | Q28: 25-12587 | R28: 72 | S28: 24.99 | T28: =O28+90 -> 45927
A29: 19-120 | B29: HUB & DRUM 3.5K, 6-5.50 Pre-Greased Kit, L44649 / L68149 Bearings, 1.72" Seal, Lube Dust Cap & Plug, Wheel Nuts, Hdwe, GENUINE AXLETEK, Boxed | D29: 9.4027778 | E29: =VLOOKUP(A29,'[1]Master Data'!A:AB,18,FALSE) -> 0 | K29: 27.263881 | O29: 45837 | P29: Jiaodong | Q29: 25-12587 | R29: 72 | S29: 27.26 | T29: =O29+90 -> 45927
A30: 19-125 | B30: HUB & DRUM 6K, 6-5.50 Pre-Greased Kit, 15123 / 25580 Bearings, 2.25 Seal, Lube Dust Cap & Plug, Wheel Nuts, Hdwe, GENUINE AXLETEK, Boxed | D30: 12.911111 | E30: =VLOOKUP(A30,'[1]Master Data'!A:AB,18,FALSE) -> 0 | G30: 45775 | H30: Jiaodong | I30: 25-12353 | J30: 70 | K30: 37.990688 | L30: 41.47 | M30: =SUM(L30-K30)/L30 -> 0.083899499 | N30: =G30+90 -> 45865 | O30: 45837 | P30: Jiaodong | Q30: 25-12587 | R30: 45 | S30: 37.99 | T30: =O30+90 -> 45927
A31: 19-130 | B31: HUB & DRUM 7K 8-6.50, 1/2" Studs Pre-Greased Kit, 14125A / 25580 Bearings, 2.25 Seal, Lube Dust Cap & Plug, Wheel Nuts, Hdwe, GENUINE AXLETEK, Boxed | C31: 33.5 | D31: 14.977778 | E31: =VLOOKUP(A31,'[1]Master Data'!A:AB,18,FALSE) -> 0 | G31: 45775 | H31: Jiaodong | I31: 25-12353 | J31: 140 | K31: 41.263358 | L31: 45.97 | M31: =SUM(L31-K31)/L31 -> 0.10238508 | N31: =G31+90 -> 45865 | O31: 45837 | P31: Jiaodong | Q31: 25-12587 | R31: 90 | S31: 41.26 | T31: =O31+90 -> 45927
A32: 19-135 | B32: HUB & DRUM 7K 8-6.50, 9/16" Studs Pre-Greased Kit, 14125A / 25580 Bearings, 2.25 Seal, Lube Dust Cap & Plug, Wheel Nuts, Hdwe, GENUINE AXLETEK, Boxed | D32: 15.022222 | E32: =VLOOKUP(A32,'[1]Master Data'!A:AB,18,FALSE) -> 0 | G32: 45775 | H32: Jiaodong | I32: 25-12353 | J32: 185 | K32: 41.927378 | L32: 46.88 | M32: =SUM(L32-K32)/L32 -> 0.10564467 | N32: =G32+90 -> 45865 | O32: 45837 | P32: Jiaodong | Q32: 25-12587 | R32: 45 | S32: 41.93 | T32: =O32+90 -> 45927
A33: 11-008 | B33: Hub & Drum, 8K 8 on 6.50, 9/16" studs, Oil bath, uses 02475 / 25580 bearing & 2.25 Seal, GENUINE AXLETEK | C33: 53.95 | D33: 24.444444 | E33: =VLOOKUP(A33,'[1]Master Data'!A:AB,18,FALSE) -> 0 | K33: 49.754664 | O33: 45837 | P33: Jiaodong | Q33: 25-12587 | R33: 20 | S33: 49.75 | T33: =O33+90 -> 45927
A34: 11-007 | B34: Hub & Drum, 8K 8 on 6.5", 5/8" studs, Grease, uses 02475 / 25580 bearing & 2.25 Seal, GENUINE AXLETEK | E34: 36 | K34: 50 | O34: 45837 | P34: Jiaodong | Q34: 25-12587 | R34: 36 | S34: 50.01 | T34: =O34+90 -> 45927
A35: 11-009 | B35: Hub & Drum, 8K 8 on 6.5", 5/8" studs, Oil bath, uses 02475 / 25580 bearing & 2.25 Seal, GENUINE AXLETEK | C35: 54.16 | D35: 24.722222 | E35: =VLOOKUP(A35,'[1]Master Data'!A:AB,18,FALSE) -> 0 | G35: 45775 | H35: Jiaodong | I35: 25-12353 | J35: 108 | K35: 50.260584 | L35: 56.86 | M35: =SUM(L35-K35)/L35 -> 0.1160643 | N35: =G35+90 -> 45865
A36: 11-010 | B36: Hub & Drum Assembly 10K GD, 4.75" Pilot, uses 387A / 25580 bearings, 10-51 seal & 4" Oil Cap. 008-430DX (After 4/2013) GENUINE AXLETEK | C36: 60.04 | D36: 28.777778 | E36: =VLOOKUP(A36,'[1]Master Data'!A:AB,18,FALSE) -> 0 | G36: 45775 | H36: Jiaodong | I36: 25-12353 | J36: 144 | K36: 72.540519 | L36: 84.75 | M36: =SUM(L36-K36)/L36 -> 0.14406467 | N36: =G36+90 -> 45865 | O36: 45837 | P36: Jiaodong | Q36: 25-12587 | R36: 36 | S36: 72.54 | T36: =O36+90 -> 45927
A37: 11-011 | B37: Hub 10K GD, 4.75" Pilot, uses 387A / 25580 bearings, 10-51 seal & 4" Oil Cap. 008-430DX (After 4/2013) GENUINE AXLETEK | D37: 11 | E37: =VLOOKUP(A37,'[1]Master Data'!A:AB,18,FALSE) -> 0 | G37: 45775 | H37: Jiaodong | I37: 25-12353 | J37: 100 | K37: 30.488727 | L37: 36.2 | M37: =SUM(L37-K37)/L37 -> 0.15776997 | N37: =G37+90 -> 45865 | O37: 45837 | P37: Jiaodong | Q37: 25-12587 | R37: 100 | S37: 30.49 | T37: =O37+90 -> 45927
A38: 11-023 | B38: Drum Only, 10K GD, 9-123DX (After 4/2013) GENUINE AXLETEK | D38: 17.166667 | E38: =VLOOKUP(A38,'[1]Master Data'!A:AB,18,FALSE) -> 0 | G38: 45775 | H38: Jiaodong | I38: 25-12353 | J38: 36 | K38: 41.848451 | L38: 48.55 | M38: =SUM(L38-K38)/L38 -> 0.13803396 | N38: =G38+90 -> 45865
A39: 11-012 | B39: Hub & Drum Assembly 12K, uses 3984 / 28682 bearings, 10-56 seal, & 4" Oil Cap. 8-214DX, GENUINE AXLETEK | C39: 76.88 | D39: 43.5 | E39: =VLOOKUP(A39,'[1]Master Data'!A:AB,18,FALSE) -> 0 | G39: 45775 | H39: Jiaodong | I39: 25-12353 | J39: 24 | K39: 94.953314 | L39: 108.1 | M39: =SUM(L39-K39)/L39 -> 0.12161597 | N39: =G39+90 -> 45865
A40: 11-013 | B40: Hub 12K, uses 3984 / 28682 bearings, 10-56 seal, & 4" Oil Cap. 8-214DX, GENUINE AXLETEK | D40: 12.1 | E40: =VLOOKUP(A40,'[1]Master Data'!A:AB,18,FALSE) -> 0 | K40: 34.58 | O40: 45837 | P40: Jiaodong | Q40: 25-12587 | R40: 60 | S40: 34.58 | T40: =O40+90 -> 45927
A41: 11-028 | B41: Drum Olny, 12K, 9-28DX GENUINE AXLETEK | D41: 1.4590643 | E41: =VLOOKUP(A41,'[1]Master Data'!A:AB,18,FALSE) -> 0
A42: 12-026 | B42: Brake Electric 10" x 2-1/4" for 3,500-lb axles LH (Driver) | E42: =VLOOKUP(A42,'[1]Master Data'!A:AB,18,FALSE) -> 0 | O42: 45834 | P42: Airui Cam | Q42: 25-12588 | R42: 168 | S42: 15.25 | T42: =O42+90 -> 45924
A43: 12-027 | B43: Brake Electric 10" x 2-1/4" for 3,500-lb axles RH (Passanger) | E43: =VLOOKUP(A43,'[1]Master Data'!A:AB,18,FALSE) -> 0 | K43: 15.24766 | O43: 45834 | P43: Airui Cam | Q43: 25-12588 | R43: 168 | S43: 15.24766 | T43: =O43+90 -> 45924
A44: 12-180 | B44: Brake Electric 12" x 2" for 6-7,000 lb axles LH (Driver) | E44: =VLOOKUP(A44,'[1]Master Data'!A:AB,18,FALSE) -> 0 | K44: 18.85151 | O44: 45834 | P44: Airui Cam | Q44: 25-12588 | R44: 126 | S44: 18.85151 | T44: =O44+90 -> 45924
A45: 12-181 | B45: Brake Electric 12" x 2" for 6-7,000 lb axles RH (Passanger) | E45: =VLOOKUP(A45,'[1]Master Data'!A:AB,18,FALSE) -> 0 | K45: 18.85151 | O45: 45834 | P45: Airui Cam | Q45: 25-12588 | R45: 126 | S45: 18.85151 | T45: =O45+90 -> 45924
A46: 12-468 | B46: Brake Electric 10" x 2-1/4" for 3,500-lb axles, LH, FSA, GENUINE AXLETEK | C46: 9.88 | D46: =C46/2.2046 -> 4.4815386 | E46: =VLOOKUP(A46,'[1]Master Data'!A:AB,18,FALSE) -> 0 | G46: 45775 | H46: Airui Cam | I46: 25-12354 | J46: 336 | K46: 16.32757 | L46: 16.67 | N46: =G46+90 -> 45865 | U46: =K46*1.25 -> 20.409463
A47: 12-469 | B47: Brake Electric 10" x 2-1/4" for 3,500-lb axles, RH, FSA, GENUINE AXLETEK | C47: 9.88 | D47: =C47/2.2046 -> 4.4815386 | E47: =VLOOKUP(A47,'[1]Master Data'!A:AB,18,FALSE) -> 0 | G47: 45775 | H47: Airui Cam | I47: 25-12354 | J47: 336 | K47: 16.32757 | L47: 16.67 | N47: =G47+90 -> 45865 | U47: =K47*1.25 -> 20.409463
A48: 12-464 | B48: Brake Electric 12" x 2" for 6-7,000 lb axles, LH, FSA, GENUINE AXLETEK | C48: 14.75 | D48: =C48/2.2046 -> 6.6905561 | E48: =VLOOKUP(A48,'[1]Master Data'!A:AB,18,FALSE) -> 0 | G48: 45775 | H48: Airui Cam | I48: 25-12354 | J48: 672 | K48: 20.0531 | L48: 20.17 | N48: =G48+90 -> 45865 | O48: 45834 | P48: Airui Cam | Q48: 25-12588 | R48: 0 | S48: 20.0531 | T48: =O48+90 -> 45924 | U48: =K48*1.25 -> 25.066375
A49: 12-465 | B49: Brake Electric 12" x 2" for 6-7,000 lb axles, RH, FSA, GENUINE AXLETEK | C49: 14.75 | D49: =C49/2.2046 -> 6.6905561 | E49: =VLOOKUP(A49,'[1]Master Data'!A:AB,18,FALSE) -> 0 | G49: 45775 | H49: Airui Cam | I49: 25-12354 | J49: 672 | K49: 20.0531 | L49: 20.17 | N49: =G49+90 -> 45865 | O49: 45834 | P49: Airui Cam | Q49: 25-12588 | R49: 0 | S49: 20.0531 | T49: =O49+90 -> 45924 | U49: =K49*1.25 -> 25.066375
A50: 12-434 | B50: Brake Electric 12-1/4 x 3-3/8" for 8,000-lb axles, LH, 4 holes, FSA, GENUINE AXLETEK | C50: 18.56 | D50: =C50/2.2046 -> 8.4187608 | E50: =VLOOKUP(A50,'[1]Master Data'!A:AB,18,FALSE) -> 0 | G50: 45775 | H50: Airui Cam | I50: 25-12354 | J50: 180 | K50: 36.62436 | L50: 38.45 | N50: =G50+90 -> 45865 | O50: 45834 | P50: Airui Cam | Q50: 25-12588 | R50: 90 | S50: 36.62436 | T50: =O50+90 -> 45924 | U50: =K50*1.25 -> 45.78045
A51: 12-435 | B51: Brake Electric 12-1/4 x 3-3/8" for 8,000-lb axles, RH, 4 holes, FSA, GENUINE AXLETEK | C51: 18.56 | D51: =C51/2.2046 -> 8.4187608 | E51: =VLOOKUP(A51,'[1]Master Data'!A:AB,18,FALSE) -> 0 | G51: 45775 | H51: Airui Cam | I51: 25-12354 | J51: 180 | K51: 36.62436 | L51: 38.45 | N51: =G51+90 -> 45865 | O51: 45834 | P51: Airui Cam | Q51: 25-12588 | R51: 90 | S51: 36.62436 | T51: =O51+90 -> 45924 | U51: =K51*1.25 -> 45.78045
A52: 12-450 | B52: Brake Electric 12-1/4 x 3-3/8" for 10K-lb axles, LH, 7 holes, FSA, GENUINE AXLETEK | C52: 18.56 | D52: =C52/2.2046 -> 8.4187608 | E52: =VLOOKUP(A52,'[1]Master Data'!A:AB,18,FALSE) -> 0 | G52: 45775 | H52: Airui Cam | I52: 25-12354 | J52: 90 | K52: 36.77646 | L52: 38.45 | N52: =G52+90 -> 45865 | O52: 45834 | P52: Airui Cam | Q52: 25-12588 | R52: 180 | S52: 36.77646 | T52: =O52+90 -> 45924 | U52: =K52*1.25 -> 45.970575
A53: 12-451 | B53: Brake Electric 12-1/4 x 3-3/8" for 10K-lb axles, RH, 7 holes, FSA, GENUINE AXLETEK | C53: 18.56 | D53: =C53/2.2046 -> 8.4187608 | E53: =VLOOKUP(A53,'[1]Master Data'!A:AB,18,FALSE) -> 0 | G53: 45775 | H53: Airui Cam | I53: 25-12354 | J53: 90 | K53: 36.77646 | L53: 38.45 | N53: =G53+90 -> 45865 | O53: 45834 | P53: Airui Cam | Q53: 25-12588 | R53: 180 | S53: 36.77646 | T53: =O53+90 -> 45924 | U53: =K53*1.25 -> 45.970575
A54: 12-442 | B54: Brake Electric 12-1/4 x 5" for 12K-lb axles, LH, 7 holes, FSA, GENUINE AXLETEK | C54: 20.9 | D54: =C54/2.2046 -> 9.4801778 | E54: =VLOOKUP(A54,'[1]Master Data'!A:AB,18,FALSE) -> 0 | G54: 45775 | H54: Airui Cam | I54: 25-12354 | J54: 63 | K54: 42.91484 | L54: 43.67 | N54: =G54+90 -> 45865 | U54: =K54*1.25 -> 53.64355
A55: 12-443 | B55: Brake Electric 12-1/4 x 5" for 12K-lb axles, RH, 7 holes, FSA, GENUINE AXLETEK | C55: 20.9 | D55: =C55/2.2046 -> 9.4801778 | E55: =VLOOKUP(A55,'[1]Master Data'!A:AB,18,FALSE) -> 0 | G55: 45775 | H55: Airui Cam | I55: 25-12354 | J55: 63 | K55: 42.91484 | L55: 43.67 | N55: =G55+90 -> 45865 | U55: =K55*1.25 -> 53.64355
A56: 12-000 | B56: Wire Connector | E56: =VLOOKUP(A56,'[1]Master Data'!A:AB,18,FALSE) -> 0
A57: 12-001 | B57: Nut, 3/8"-24 Kep Lock. For 5.2-7K Brake Assemblies 6-193 | E57: =VLOOKUP(A57,'[1]Master Data'!A:AB,18,FALSE) -> 0 | K57: 0.08
A58: 12-002 | B58: Bolt, 1/2" - 20 x 1-1/2" Hex, brake mounting bolt. For 8K Brake Assemblies. | E58: =VLOOKUP(A58,'[1]Master Data'!A:AB,18,FALSE) -> 0 | K58: 0.31
A59: 12-003 | B59: Nut, 1/2"-20 Hex Serrated Flange. For 8K Brake Assemblies. | E59: =VLOOKUP(A59,'[1]Master Data'!A:AB,18,FALSE) -> 0 | K59: 0.09
A60: 12-005 | B60: Bolt, 7/16" - 20 x 1-1/2" Hex, brake mounting bolt. For 10-16K Brake Assemblies | E60: =VLOOKUP(A60,'[1]Master Data'!A:AB,18,FALSE) -> 0 | K60: 0.27
A61: 12-006 | B61: Nut, 7/16"-20 Hex Serrated Flange. For 3.5K & 10-16K Brake Assemblies | E61: =VLOOKUP(A61,'[1]Master Data'!A:AB,18,FALSE) -> 0 | K61: 0.08
A62: 11-025 | B62: Bolt, 1/2"-13 x 1-1/2" Hex,Drum Mounting bolt for 10K Hubs | E62: =VLOOKUP(A62,'[1]Master Data'!A:AB,18,FALSE) -> 0 | G62: 45775 | H62: Jiaodong | I62: 25-12353 | J62: 100 | K62: 0.66 | L62: 0.24 | M62: =SUM(L62-K62)/L62 -> -1.75 | N62: =G62+90 -> 45865
A63: 12-795 | B63: Brake Assembly Box Kit LH, 10" x 2-1/4" 3,500 lbs. FSA. Includes 4 ea 7/16"-20 Flange nuts & wire connector, GENUINE AXLETEK | E63: =VLOOKUP(A63,'[1]Master Data'!A:AB,18,FALSE) -> 0 | K63: 19.861216 | O63: 45834 | P63: Airui Cam | Q63: 25-12588 | R63: 144 | S63: 19.861216
A64: 12-796 | B64: Brake Assembly Box Kit RH, 10" x 2-1/4" 3,500 lbs. FSA. Includes 4ea 7/16"-20 Flange nuts & wire connector, GENUINE AXLETEK | E64: =VLOOKUP(A64,'[1]Master Data'!A:AB,18,FALSE) -> 0 | K64: 19.861216 | O64: 45834 | P64: Airui Cam | Q64: 25-12588 | R64: 144 | S64: 19.861216
A65: 12-803 | B65: Brake Assembly Box Kit LH, 12" x 2" 6-7,000 lbs. FSA. Includes 5ea 3/8"-24 nuts & wire connector, GENUINE AXLETEK | E65: =VLOOKUP(A65,'[1]Master Data'!A:AB,18,FALSE) -> 0 | K65: 23.713401 | O65: 45834 | P65: Airui Cam | Q65: 25-12588 | R65: 216 | S65: 23.713401
A66: 12-804 | B66: Brake Assembly Box Kit RH, 12" x 2" 6-7,000 lbs. FSA. Includes 5ea 3/8"-24 nuts & wire connector, GENUINE AXLETEK | E66: =VLOOKUP(A66,'[1]Master Data'!A:AB,18,FALSE) -> 0 | K66: 23.713401 | O66: 45834 | P66: Airui Cam | Q66: 25-12588 | R66: 216 | S66: 23.713401
A67: 12-830 | B67: Brake Assembly Box Kit LH, 12" x 3-3/8" 8,000 lbs. FSA. Includes 4ea 1/2" bolt and nut, GENUINE AXLETEK | E67: =VLOOKUP(A67,'[1]Master Data'!A:AB,18,FALSE) -> 0 | K67: 43.854336 | O67: 45834 | P67: Airui Cam | Q67: 25-12588 | R67: 63 | S67: 43.854336
A68: 12-831 | B68: Brake Assembly Box Kit RH, 12" x 3-3/8" 8,000 lbs. FSA. Includes 4ea 1/2" bolt and nut, GENUINE AXLETEK | E68: =VLOOKUP(A68,'[1]Master Data'!A:AB,18,FALSE) -> 0 | K68: 43.854336 | O68: 45834 | P68: Airui Cam | Q68: 25-12588 | R68: 63 | S68: 43.854336
A69: 12-832 | B69: Brake Assembly Box Kit LH, 12-1/4" x 3-3/8" 10,000 lbs. FSA, Includes 7ea 7/16" bolt and nut, GENUINE AXLETEK | E69: =VLOOKUP(A69,'[1]Master Data'!A:AB,18,FALSE) -> 0 | K69: 44.706096 | O69: 45834 | P69: Airui Cam | Q69: 25-12588 | R69: 126 | S69: 44.706096
A70: 12-833 | B70: Brake Assembly Box Kit RH, 12-1/4" x 3-3/8" 10,000 lbs. FSA, Includes 7ea 7/16" bolt and nut, GENUINE AXLETEK | E70: =VLOOKUP(A70,'[1]Master Data'!A:AB,18,FALSE) -> 0 | K70: 44.706096 | O70: 45834 | P70: Airui Cam | Q70: 25-12588 | R70: 126 | S70: 44.706096
A71: 12-834 | B71: Brake Assembly Box Kit LH, 12-1/4" x 5" 12,000 lbs. Includes 7ea 7/16" bolt and nut, GENUINE AXLETEK | E71: =VLOOKUP(A71,'[1]Master Data'!A:AB,18,FALSE) -> 0 | K71: 49.086576 | O71: 45834 | P71: Airui Cam | Q71: 25-12588 | R71: 63 | S71: 49.086576
A72: 12-835 | B72: Brake Assembly Box Kit RH, 12-1/4" x 5" 12,000 lbs. Includes 7ea 7/16" bolt and nut, GENUINE AXLETEK | E72: =VLOOKUP(A72,'[1]Master Data'!A:AB,18,FALSE) -> 0 | K72: 49.086576 | O72: 45834 | P72: Airui Cam | Q72: 25-12588 | R72: 63 | S72: 49.086576
A73: 12-892 | B73: Grease seal, I.D. 1.249" O.D. 1.983" Thickness 0.25 - 12192TB | E73: =VLOOKUP(A73,'[1]Master Data'!A:AB,18,FALSE) -> 0 | G73: 45775 | H73: Jiaodong | I73: 25-12353 | J73: 1000 | K73: 0.21 | L73: 0.28 | M73: =SUM(L73-K73)/L73 -> 0.25 | N73: =G73+90 -> 45865
A74: 12-860 | B74: Grease seal, I.D. 1.50" O.D. x 1.99" Thickness x 0.25 10-60 | E74: =VLOOKUP(A74,'[1]Master Data'!A:AB,18,FALSE) -> 0 | G74: 45775 | H74: Jiaodong | I74: 25-12353 | J74: 1000 | K74: 0.21 | L74: 0.28 | M74: =SUM(L74-K74)/L74 -> 0.25 | N74: =G74+90 -> 45865
A75: 12-819 | B75: Grease seal, I.D. 1.72" O.D. 2.56" Thickness 0.50" 10-19 | C75: 0.074 | D75: =C75/2.2046 -> 0.03356618 | E75: =VLOOKUP(A75,'[1]Master Data'!A:AB,18,FALSE) -> 0 | G75: 45775 | H75: Jiaodong | I75: 25-12353 | J75: 960 | K75: 0.27 | L75: 0.37 | M75: =SUM(L75-K75)/L75 -> 0.27027027 | N75: =G75+90 -> 45865
A76: 12-837 | B76: Grease seal, I.D. 2.125" O.D. 3.37" Thickness 0.31" 10-10 | C76: 0.092 | D76: =C76/2.2046 -> 0.041730926 | E76: =VLOOKUP(A76,'[1]Master Data'!A:AB,18,FALSE) -> 0 | K76: 0.33
A77: 12-836 | B77: Grease seal, I.D. 2.25" O.D. 3.37" Thickness 0.375" 10-36 | C77: 0.097 | D77: =C77/2.2046 -> 0.043998911 | E77: =VLOOKUP(A77,'[1]Master Data'!A:AB,18,FALSE) -> 0 | G77: 45775 | H77: Jiaodong | I77: 25-12353 | J77: 600 | K77: 0.33 | L77: 0.46 | M77: =SUM(L77-K77)/L77 -> 0.2826087 | N77: =G77+90 -> 45865
A78: 12-863 | B78: Oil seal, 2.250*3.371*0.475 10-63 NBR CARBON CASE CARBON SPRING | C78: 0.172 | D78: =C78/2.2046 -> 0.078018688 | E78: =VLOOKUP(A78,'[1]Master Data'!A:AB,18,FALSE) -> 0 | K78: 5.86
A79: 12-851 | B79: Oil seal, 2.875*3.875*0.500 10-51 BLACK OD NBR CARBON CASE CARBON SPRING - Lippert | E79: =VLOOKUP(A79,'[1]Master Data'!A:AB,18,FALSE) -> 0 | K79: 6.3
A80: 12-852 | B80: Oil seal, 2.875*3.875*0.500 10-51 RED OD NBR CARBON CASE CARBON SPRING FOR DEXTER | C80: 0.286 | D80: =C80/2.2046 -> 0.12972875 | E80: =VLOOKUP(A80,'[1]Master Data'!A:AB,18,FALSE) -> 0
A81: 12-856 | B81: Oil seal, 3.125*4.500*0.595 10- 56 RED OD NBR CARBON CASE CARBON SPRING | C81: 0.548 | D81: =C81/2.2046 -> 0.24857117 | E81: =VLOOKUP(A81,'[1]Master Data'!A:AB,18,FALSE) -> 0 | K81: 7.52
A82: 11-101 | B82: 1.98" Lube type dust cap, rubber plug included | C82: 0.094 | D82: =C82/2.2046 -> 0.04263812 | E82: =VLOOKUP(A82,'[1]Master Data'!A:AB,18,FALSE) -> 0 | G82: 45775 | H82: Jiaodong | I82: 25-12353 | J82: 650 | K82: 0.33201 | L82: 0.46 | M82: =SUM(L82-K82)/L82 -> 0.27823913 | N82: =G82+90 -> 45865 | O82: 45837 | P82: Jiaodong | Q82: 25-12587 | R82: 650 | S82: 0.33 | T82: =O82+90 -> 45927
A83: 11-106 | B83: 2.44" Lube type dust cap, rubber plug included | C83: 0.122 | D83: =C83/2.2046 -> 0.055338837 | E83: =VLOOKUP(A83,'[1]Master Data'!A:AB,18,FALSE) -> 0 | G83: 45775 | H83: Jiaodong | I83: 25-12353 | J83: 450 | K83: 0.36363 | L83: 0.5 | M83: =SUM(L83-K83)/L83 -> 0.27274 | N83: =G83+90 -> 45865 | O83: 45837 | P83: Jiaodong | Q83: 25-12587 | R83: 450 | S83: 0.36 | T83: =O83+90 -> 45927
A84: 11-111 | B84: 2.72" Lube type dust cap, rubber plug included | C84: 0.134 | D84: =C84/2.2046 -> 0.060782001 | E84: =VLOOKUP(A84,'[1]Master Data'!A:AB,18,FALSE) -> 0 | G84: 45775 | H84: Jiaodong | I84: 25-12353 | J84: 400 | K84: 0.45849 | L84: 0.63 | M84: =SUM(L84-K84)/L84 -> 0.2722381 | N84: =G84+90 -> 45865 | O84: 45837 | P84: Jiaodong | Q84: 25-12587 | R84: 400 | S84: 0.46 | T84: =O84+90 -> 45927
A85: 11-131 | B85: Rubber plugs for grease caps | C85: 0.016 | D85: =C85/2.2046 -> 0.0072575524 | E85: =VLOOKUP(A85,'[1]Master Data'!A:AB,18,FALSE) -> 0 | G85: 45775 | H85: Jiaodong | I85: 25-12353 | J85: 500 | K85: 0.04743 | L85: 0.11 | M85: =SUM(L85-K85)/L85 -> 0.56881818 | N85: =G85+90 -> 45865
A86: 11-116 | B86: 1.98" dust cap | E86: =VLOOKUP(A86,'[1]Master Data'!A:AB,18,FALSE) -> 0 | K86: 0.18972 | O86: 45837 | P86: Jiaodong | Q86: 25-12587 | R86: 396 | S86: 0.19 | T86: =O86+90 -> 45927
A87: 11-121 | B87: 2.44" dust cap | E87: =VLOOKUP(A87,'[1]Master Data'!A:AB,18,FALSE) -> 0 | G87: 45775 | H87: Jiaodong | I87: 25-12353 | J87: 275 | K87: 0.28458 | L87: 0.39 | M87: =SUM(L87-K87)/L87 -> 0.27030769 | N87: =G87+90 -> 45865
A88: 11-126 | B88: 2.72" dust cap | E88: =VLOOKUP(A88,'[1]Master Data'!A:AB,18,FALSE) -> 0 | G88: 45775 | H88: Jiaodong | I88: 25-12353 | J88: 250 | K88: 0.3162 | L88: 0.43 | M88: =SUM(L88-K88)/L88 -> 0.26465116 | N88: =G88+90 -> 45865
A89: 11-201 | B89: Oil cap 8K 2-2/8" treads with rubber plug and rubber o-ring | C89: 0.132 | D89: =C89/2.2046 -> 0.059874807 | E89: =VLOOKUP(A89,'[1]Master Data'!A:AB,18,FALSE) -> 0 | G89: 45775 | H89: Airui | I89: 25-12355 | J89: 200 | K89: 1.08 | L89: 1.2 | M89: =SUM(L89-K89)/L89 -> 0.1 | N89: =G89+90 -> 45865
A90: 11-206 | B90: Oil cap for 10GD 3.5" threads w/ rubber plug and rubber o-ring | E90: =VLOOKUP(A90,'[1]Master Data'!A:AB,18,FALSE) -> 0
A91: 11-211 | B91: Oil cap for 10-16K 4" threads w/ rubber plug and rubber o-ring | E91: =VLOOKUP(A91,'[1]Master Data'!A:AB,18,FALSE) -> 0 | G91: 45775 | H91: Airui | I91: 25-12355 | J91: 200 | K91: 1.82 | L91: 2.02 | M91: =SUM(L91-K91)/L91 -> 0.099009901 | N91: =G91+90 -> 45865
A92: 11-202 | B92: Oil cap KIT for 6-8K Hub DEXTER / LIPPERT, 2.875" Universal Thread, Aluminum | E92: =VLOOKUP(A92,'[1]Master Data'!A:AB,18,FALSE) -> 0 | K92: 14.85
A93: 11-207 | B93: Oil cap KIT for 10K GD DEXTER Hub, 3.50" Universal Thread, Aluminum | E93: =VLOOKUP(A93,'[1]Master Data'!A:AB,18,FALSE) -> 0 | K93: 16.35
A94: 11-213 | B94: Oil cap KIT for 10-16K (deep) DEXTER / LIPPERT Hub, 4.00" Universal Thread, Aluminum | E94: =VLOOKUP(A94,'[1]Master Data'!A:AB,18,FALSE) -> 0 | K94: 17.7
A95: 11-214 | B95: Oil cap KIT for 9-16K ALKO Hub, 3.75" Universal Thread, Aluminum | E95: =VLOOKUP(A95,'[1]Master Data'!A:AB,18,FALSE) -> 0 | K95: 17.25
A96: 11-350 | B96: Washer, Tang | E96: =VLOOKUP(A96,'[1]Master Data'!A:AB,18,FALSE) -> 0 | G96: 45775 | H96: Jiaodong | I96: 25-12353 | J96: 1500 | K96: 0.11 | L96: 0.15 | M96: =SUM(L96-K96)/L96 -> 0.26666667 | N96: =G96+90 -> 45865
A97: 11-351 | B97: Washer, "D" Type | E97: =VLOOKUP(A97,'[1]Master Data'!A:AB,18,FALSE) -> 0 | G97: 45775 | H97: Jiaodong | I97: 25-12353 | J97: 1500 | K97: 0.09 | L97: 0.13 | M97: =SUM(L97-K97)/L97 -> 0.30769231 | N97: =G97+90 -> 45865
A98: 11-352 | B98: Washer, Round 1" | E98: =VLOOKUP(A98,'[1]Master Data'!A:AB,18,FALSE) -> 0 | G98: 45775 | H98: Jiaodong | I98: 25-12353 | J98: 1500 | K98: 0.09 | L98: 0.13 | M98: =SUM(L98-K98)/L98 -> 0.30769231 | N98: =G98+90 -> 45865
A99: 11-353 | B99: Nut, Spindle 1"-14, 6 Castellation | E99: =VLOOKUP(A99,'[1]Master Data'!A:AB,18,FALSE) -> 0 | G99: 45775 | H99: Jiaodong | I99: 25-12353 | J99: 200 | K99: 0.4 | L99: 0.63 | M99: =SUM(L99-K99)/L99 -> 0.36507937 | N99: =G99+90 -> 45865
A100: 11-354 | B100: USE 21-735 cotter pin | E100: =VLOOKUP(A100,'[1]Master Data'!A:AB,18,FALSE) -> 0
A101: 11-355 | B101: Nut, Spindle Jam 1" -14 | E101: =VLOOKUP(A101,'[1]Master Data'!A:AB,18,FALSE) -> 0 | G101: 45775 | H101: Jiaodong | I101: 25-12353 | J101: 500 | K101: 0.35 | M101: =SUM(L101-K101)/L101 -> #DIV/0! | N101: =G101+90 -> 45865
...

Sheet BOM_AxleTekA
B1: =TODAY() -> 46259 | C1: Winnsboro, Texas | L1: Labor | M1: 0.75
A2: AFTMKT # | B2: On Hand | C2: On Order | D2: Weekly Sales | E2: WOS OH | F2: Last 12 | G2: Former AxleTek # Listed for Reference | H2: Item # | I2: Parts Included in Kit | J2: Description | K2: GS1 Code | L2: QTY Inc | M2: Cost | N2: 1.15 | O2: Box/Carton QTY | P2: Pallet QTY | Q2: 2025 Confirmed Costs | R2: Dealer | S2: Retail | T2: TS Item # | U2: Tractor Supply | V2: NOTES | W2: SELL | Y2: RETAIL | AA2: INTERNET
A3: 11-850 | B3: =IFERROR(VLOOKUP($H3,'QB Inv Curr'!$H:$AD,13,FALSE),"") -> 0 | C3: =IFERROR(VLOOKUP($H3,'QB Inv Curr'!$H:$AE,23,FALSE),"") -> 0 | D3: =IFERROR(VLOOKUP($H3,'QB Inv Curr'!$H:$AL,29,FALSE),"") -> 0 | F3: =IFERROR(SUM(D3*12),"") -> 0 | G3: K-DL-125-03 | H3: 11-850 | J3: GENUINE AXLETEK 2K 1.25” I.D. Double Lip Seal PAK/2 DL-125-03 | K3: 810797031398 | L3: 1 | Q3: =SUM(N4:N8) -> 2.529 | R3: 4.72 | S3: 8.99 | T3: 1075325 | U3: 24.99 | W3: =Q3*1.75 -> 4.42575 | X3: =SUM(W3-Q3)/W3 -> 0.42857143 | Y3: 6.99 | Z3: =SUM(Y3-W3)/Y3 -> 0.36684549 | AA3: 9.7 | AB3: =SUM(AA3-Q3)/AA3 -> 0.73927835 | AC3: https://www.etrailer.com/Trailer-Bearings-Races-Seals-Caps/TruRyde/RG06-010.html
A4: 12-892 | B4: =IFERROR(VLOOKUP($H4,'QB Inv Curr'!$H:$AD,13,FALSE),"") -> 1000 | C4: =IFERROR(VLOOKUP($H4,'QB Inv Curr'!$H:$AE,23,FALSE),"") -> 0 | D4: =IFERROR(VLOOKUP($H4,'QB Inv Curr'!$H:$AL,29,FALSE),"") -> 0 | E4: =IFERROR(SUM(B4/D4),"") | F4: =IFERROR(SUM(D4*12),"") -> 0 | G4: DL-125-03 | H4: 12-892 | I4: 2) Grease Seal 1.25" ID (DL-125-03) | L4: 2 | M4: =VLOOKUP(H4,Inventory!A:L,12,FALSE) -> 0.28 | N4: =SUM(M4*$N$2)*L4 -> 0.644
A5: RG06-010 | B5: =IFERROR(VLOOKUP($H5,'QB Inv Curr'!$H:$AD,13,FALSE),"") -> 880 | C5: =IFERROR(VLOOKUP($H5,'QB Inv Curr'!$H:$AE,23,FALSE),"") -> 0 | D5: =IFERROR(VLOOKUP($H5,'QB Inv Curr'!$H:$AL,29,FALSE),"") -> 0 | E5: =IFERROR(SUM(B5/D5),"") | F5: =IFERROR(SUM(D5*12),"") -> 0 | G5: 206TF | H5: 206TF | I5: Clam | L5: 1 | M5: =VLOOKUP(H5,Inventory!A:L,12,FALSE) -> 0.6 | N5: =M5*L5 -> 0.6
B6: =IFERROR(VLOOKUP($H6,'QB Inv Curr'!$H:$AD,13,FALSE),"") | C6: =IFERROR(VLOOKUP($H6,'QB Inv Curr'!$H:$AE,23,FALSE),"") | D6: =IFERROR(VLOOKUP($H6,'QB Inv Curr'!$H:$AL,29,FALSE),"") | E6: =IFERROR(SUM(B6/D6),"") | F6: =IFERROR(SUM(D6*12),"") | H6: 206LABEL | I6: Label | L6: 1 | M6: =VLOOKUP(H6,Inventory!A:L,12,FALSE) -> 0.31 | N6: =M6*L6 -> 0.31
B7: =IFERROR(VLOOKUP($H7,'QB Inv Curr'!$H:$AD,13,FALSE),"") | C7: =IFERROR(VLOOKUP($H7,'QB Inv Curr'!$H:$AE,23,FALSE),"") | D7: =IFERROR(VLOOKUP($H7,'QB Inv Curr'!$H:$AL,29,FALSE),"") | E7: =IFERROR(SUM(B7/D7),"") | F7: =IFERROR(SUM(D7*12),"") | H7: LABOR75 | I7: Labor | L7: 1 | M7: =VLOOKUP(H7,Inventory!A:L,12,FALSE) -> 0.75 | N7: =M7*L7 -> 0.75
B8: =IFERROR(VLOOKUP($H8,'QB Inv Curr'!$H:$AD,13,FALSE),"") | C8: =IFERROR(VLOOKUP($H8,'QB Inv Curr'!$H:$AE,23,FALSE),"") | D8: =IFERROR(VLOOKUP($H8,'QB Inv Curr'!$H:$AL,29,FALSE),"") | E8: =IFERROR(SUM(B8/D8),"") | F8: =IFERROR(SUM(D8*12),"") | I8: Box | L8: 0.25 | M8: 0.9 | N8: =M8*L8 -> 0.225
B9: =IFERROR(VLOOKUP($H9,'QB Inv Curr'!$H:$AD,13,FALSE),"") | C9: =IFERROR(VLOOKUP($H9,'QB Inv Curr'!$H:$AE,23,FALSE),"") | D9: =IFERROR(VLOOKUP($H9,'QB Inv Curr'!$H:$AL,29,FALSE),"") | E9: =IFERROR(SUM(B9/D9),"") | F9: =IFERROR(SUM(D9*12),"")
A10: 11-855 | B10: =IFERROR(VLOOKUP($H10,'QB Inv Curr'!$H:$AD,13,FALSE),"") -> 0 | C10: =IFERROR(VLOOKUP($H10,'QB Inv Curr'!$H:$AE,23,FALSE),"") -> 0 | D10: =IFERROR(VLOOKUP($H10,'QB Inv Curr'!$H:$AL,29,FALSE),"") -> 0 | E10: =IFERROR(SUM(B10/D10),"") | F10: =IFERROR(SUM(D10*12),"") -> 0 | G10: K-DL-150-03 | H10: 11-855 | J10: GENUINE AXLETEK 2K 1.50” I.D. Double Lip Seal PAK/2 DL-150-03 | K10: 810797031404 | L10: 1 | Q10: =SUM(N11:N15) -> 2.529 | R10: 4.72 | S10: 8.99 | W10: =Q10*1.75 -> 4.42575 | X10: =SUM(W10-Q10)/W10 -> 0.42857143 | Y10: 6.99 | Z10: =SUM(Y10-W10)/Y10 -> 0.36684549 | AA10: 6.95 | AB10: =SUM(AA10-Q10)/AA10 -> 0.63611511 | AC10: https://www.etrailer.com/Trailer-Bearings-Races-Seals-Caps/TruRyde/RG06-020.html
A11: 12-860 | B11: =IFERROR(VLOOKUP($H11,'QB Inv Curr'!$H:$AD,13,FALSE),"") -> 1000 | C11: =IFERROR(VLOOKUP($H11,'QB Inv Curr'!$H:$AE,23,FALSE),"") -> 0 | D11: =IFERROR(VLOOKUP($H11,'QB Inv Curr'!$H:$AL,29,FALSE),"") -> 0 | E11: =IFERROR(SUM(B11/D11),"") | F11: =IFERROR(SUM(D11*12),"") -> 0 | G11: DL-150-03 | H11: 12-860 | I11: 2) Grease Seal 1.50" ID (DL-150-03) | L11: 2 | M11: =VLOOKUP(H11,Inventory!A:L,12,FALSE) -> 0.28 | N11: =SUM(M11*$N$2)*L11 -> 0.644 | AA11: 8.95 | AC11: https://www.lippert.com/lippert-double-lip-grease-seal-2200-lb-brake-idler-hub-assemblies-15in-id-2-pack-2023134653-2023134653?queryID=094563ed1bc9f91f4fc64f2d35287416&objectID=23851&indexName=gwp_d2c_prod_lippert_products
B12: =IFERROR(VLOOKUP($H12,'QB Inv Curr'!$H:$AD,13,FALSE),"") -> 880 | C12: =IFERROR(VLOOKUP($H12,'QB Inv Curr'!$H:$AE,23,FALSE),"") -> 0 | D12: =IFERROR(VLOOKUP($H12,'QB Inv Curr'!$H:$AL,29,FALSE),"") -> 0 | E12: =IFERROR(SUM(B12/D12),"") | F12: =IFERROR(SUM(D12*12),"") -> 0 | H12: 206TF | I12: Clam | L12: 1 | M12: =VLOOKUP(H12,Inventory!A:L,12,FALSE) -> 0.6 | N12: =M12*L12 -> 0.6
A13: 2023134653 | B13: =IFERROR(VLOOKUP($H13,'QB Inv Curr'!$H:$AD,13,FALSE),"") | C13: =IFERROR(VLOOKUP($H13,'QB Inv Curr'!$H:$AE,23,FALSE),"") | D13: =IFERROR(VLOOKUP($H13,'QB Inv Curr'!$H:$AL,29,FALSE),"") | E13: =IFERROR(SUM(B13/D13),"") | F13: =IFERROR(SUM(D13*12),"") | H13: 206LABEL | I13: Label | L13: 1 | M13: =VLOOKUP(H13,Inventory!A:L,12,FALSE) -> 0.31 | N13: =M13*L13 -> 0.31
A14: RG06-020 | B14: =IFERROR(VLOOKUP($H14,'QB Inv Curr'!$H:$AD,13,FALSE),"") | C14: =IFERROR(VLOOKUP($H14,'QB Inv Curr'!$H:$AE,23,FALSE),"") | D14: =IFERROR(VLOOKUP($H14,'QB Inv Curr'!$H:$AL,29,FALSE),"") | E14: =IFERROR(SUM(B14/D14),"") | F14: =IFERROR(SUM(D14*12),"") | G14: 206TF | H14: LABOR75 | I14: Labor | L14: 1 | M14: =VLOOKUP(H14,Inventory!A:L,12,FALSE) -> 0.75 | N14: =M14*L14 -> 0.75
B15: =IFERROR(VLOOKUP($H15,'QB Inv Curr'!$H:$AD,13,FALSE),"") | C15: =IFERROR(VLOOKUP($H15,'QB Inv Curr'!$H:$AE,23,FALSE),"") | D15: =IFERROR(VLOOKUP($H15,'QB Inv Curr'!$H:$AL,29,FALSE),"") | E15: =IFERROR(SUM(B15/D15),"") | F15: =IFERROR(SUM(D15*12),"") | I15: Box | L15: 0.25 | M15: 0.9 | N15: =M15*L15 -> 0.225
B16: =IFERROR(VLOOKUP($H16,'QB Inv Curr'!$H:$AD,13,FALSE),"") | C16: =IFERROR(VLOOKUP($H16,'QB Inv Curr'!$H:$AE,23,FALSE),"") | D16: =IFERROR(VLOOKUP($H16,'QB Inv Curr'!$H:$AL,29,FALSE),"") | E16: =IFERROR(SUM(B16/D16),"") | F16: =IFERROR(SUM(D16*12),"")
A17: 11-860 | B17: =IFERROR(VLOOKUP($H17,'QB Inv Curr'!$H:$AD,13,FALSE),"") -> 0 | C17: =IFERROR(VLOOKUP($H17,'QB Inv Curr'!$H:$AE,23,FALSE),"") -> 0 | D17: =IFERROR(VLOOKUP($H17,'QB Inv Curr'!$H:$AL,29,FALSE),"") -> 0 | E17: =IFERROR(SUM(B17/D17),"") | F17: =IFERROR(SUM(D17*12),"") -> 0 | G17: K-DL-172-03 | H17: 11-860 | J17: GENUINE AXLETEK 3.5K 1.719” I.D. Double Lip Seal, PAK/2 DL-172-03 | K17: 810797031411 | L17: 1 | O17: 30 | P17: 1200 | Q17: =SUM(N18:N22) -> 2.736 | R17: 4.98 | S17: 9.99 | T17: 1075325 | U17: 24.99 | W17: =Q17*1.75 -> 4.788 | X17: =SUM(W17-Q17)/W17 -> 0.42857143 | Y17: 7.49 | Z17: =SUM(Y17-W17)/Y17 -> 0.36074766 | AA17: 7.94 | AB17: =SUM(AA17-Q17)/AA17 -> 0.65541562 | AC17: https://www.etrailer.com/Trailer-Bearings-Races-Seals-Caps/etrailer/RG06-050.html
A18: 14-828 | B18: =IFERROR(VLOOKUP($H18,'QB Inv Curr'!$H:$AD,13,FALSE),"") -> 160 | C18: =IFERROR(VLOOKUP($H18,'QB Inv Curr'!$H:$AE,23,FALSE),"") -> 0 | D18: =IFERROR(VLOOKUP($H18,'QB Inv Curr'!$H:$AL,29,FALSE),"") -> 121.7 | E18: =IFERROR(SUM(B18/D18),"") -> 1.3147083 | F18: =IFERROR(SUM(D18*12),"") -> 1460.4 | G18: DL-172-03 | H18: 12-819 | I18: 2) Grease Seal 1.72" ID (DL-172-03) | L18: 2 | M18: =VLOOKUP(H18,Inventory!A:L,12,FALSE) -> 0.37 | N18: =SUM(M18*$N$2)*L18 -> 0.851 | AA18: 8.95 | AC18: https://www.lippert.com/lippert-double-lip-grease-seal-3500-to-4400-lb-axles-1719in-id-2-pack-2023134654-2023134654?queryID=5b645c1f2c321dab7e318b7b47656f51&objectID=23853&indexName=gwp_d2c_prod_lippert_products
B19: =IFERROR(VLOOKUP($H19,'QB Inv Curr'!$H:$AD,13,FALSE),"") -> 880 | C19: =IFERROR(VLOOKUP($H19,'QB Inv Curr'!$H:$AE,23,FALSE),"") -> 0 | D19: =IFERROR(VLOOKUP($H19,'QB Inv Curr'!$H:$AL,29,FALSE),"") -> 0 | E19: =IFERROR(SUM(B19/D19),"") | F19: =IFERROR(SUM(D19*12),"") -> 0 | H19: 206TF | I19: Clam | L19: 1 | M19: =VLOOKUP(H19,Inventory!A:L,12,FALSE) -> 0.6 | N19: =M19*L19 -> 0.6
A20: 2023134654 | B20: =IFERROR(VLOOKUP($H20,'QB Inv Curr'!$H:$AD,13,FALSE),"") | C20: =IFERROR(VLOOKUP($H20,'QB Inv Curr'!$H:$AE,23,FALSE),"") | D20: =IFERROR(VLOOKUP($H20,'QB Inv Curr'!$H:$AL,29,FALSE),"") | E20: =IFERROR(SUM(B20/D20),"") | F20: =IFERROR(SUM(D20*12),"") | H20: 206LABEL | I20: Label | L20: 1 | M20: =VLOOKUP(H20,Inventory!A:L,12,FALSE) -> 0.31 | N20: =M20*L20 -> 0.31
A21: RG06-050 | B21: =IFERROR(VLOOKUP($H21,'QB Inv Curr'!$H:$AD,13,FALSE),"") | C21: =IFERROR(VLOOKUP($H21,'QB Inv Curr'!$H:$AE,23,FALSE),"") | D21: =IFERROR(VLOOKUP($H21,'QB Inv Curr'!$H:$AL,29,FALSE),"") | E21: =IFERROR(SUM(B21/D21),"") | F21: =IFERROR(SUM(D21*12),"") | G21: 206TF | H21: LABOR75 | I21: Labor | L21: 1 | M21: =VLOOKUP(H21,Inventory!A:L,12,FALSE) -> 0.75 | N21: =M21*L21 -> 0.75
B22: =IFERROR(VLOOKUP($H22,'QB Inv Curr'!$H:$AD,13,FALSE),"") | C22: =IFERROR(VLOOKUP($H22,'QB Inv Curr'!$H:$AE,23,FALSE),"") | D22: =IFERROR(VLOOKUP($H22,'QB Inv Curr'!$H:$AL,29,FALSE),"") | E22: =IFERROR(SUM(B22/D22),"") | F22: =IFERROR(SUM(D22*12),"") | I22: Box | L22: 0.25 | M22: 0.9 | N22: =M22*L22 -> 0.225
B23: =IFERROR(VLOOKUP($H23,'QB Inv Curr'!$H:$AD,13,FALSE),"") | C23: =IFERROR(VLOOKUP($H23,'QB Inv Curr'!$H:$AE,23,FALSE),"") | D23: =IFERROR(VLOOKUP($H23,'QB Inv Curr'!$H:$AL,29,FALSE),"") | E23: =IFERROR(SUM(B23/D23),"") | F23: =IFERROR(SUM(D23*12),"")
A24: 11-865 | B24: =IFERROR(VLOOKUP($H24,'QB Inv Curr'!$H:$AD,13,FALSE),"") -> 0 | C24: =IFERROR(VLOOKUP($H24,'QB Inv Curr'!$H:$AE,23,FALSE),"") -> 0 | D24: =IFERROR(VLOOKUP($H24,'QB Inv Curr'!$H:$AL,29,FALSE),"") -> 0 | E24: =IFERROR(SUM(B24/D24),"") | F24: =IFERROR(SUM(D24*12),"") -> 0 | G24: K-DL-225-03 | H24: 11-865 | J24: GENUINE AXLETEK 5.2-8K 2.25” I.D. Double Lip Seal, PAK/2 DL-225-03 | K24: 810797031428 | L24: 1 | O24: 30 | P24: 1200 | Q24: =SUM(N25:N29) -> 3.023 | R24: 5.52 | S24: 10.99 | W24: =Q24*1.75 -> 5.29025 | X24: =SUM(W24-Q24)/W24 -> 0.42857143 | Y24: 7.99 | Z24: =SUM(Y24-W24)/Y24 -> 0.33789111 | AA24: 8.34 | AB24: =SUM(AA24-Q24)/AA24 -> 0.63752998 | AC24: https://www.etrailer.com/Trailer-Bearings-Races-Seals-Caps/TruRyde/RG06-070.html
A25: 14-829 | B25: =IFERROR(VLOOKUP($H25,'QB Inv Curr'!$H:$AD,13,FALSE),"") -> 100 | C25: =IFERROR(VLOOKUP($H25,'QB Inv Curr'!$H:$AE,23,FALSE),"") -> 0 | D25: =IFERROR(VLOOKUP($H25,'QB Inv Curr'!$H:$AL,29,FALSE),"") -> 76.1 | E25: =IFERROR(SUM(B25/D25),"") -> 1.3140604 | F25: =IFERROR(SUM(D25*12),"") -> 913.2 | G25: DL-225-03 | H25: 12-836 | I25: 2) Grease Seal 2.25" ID (DL-225-03) | L25: 2 | M25: =VLOOKUP(H25,Inventory!A:L,12,FALSE) -> 0.46 | N25: =SUM(M25*$N$2)*L25 -> 1.058 | AA25: 9.95 | AC25: https://www.lippert.com/lippert-double-lip-grease-seal-5200-to-8000-lb-axles-225in-id-2-pack-2023134655-2023134655?queryID=02a41a9c6576b2786b6248520e4c0ac2&objectID=23852&indexName=gwp_d2c_prod_lippert_products
B26: =IFERROR(VLOOKUP($H26,'QB Inv Curr'!$H:$AD,13,FALSE),"") -> 1200 | C26: =IFERROR(VLOOKUP($H26,'QB Inv Curr'!$H:$AE,23,FALSE),"") -> 0 | D26: =IFERROR(VLOOKUP($H26,'QB Inv Curr'!$H:$AL,29,FALSE),"") -> 0 | E26: =IFERROR(SUM(B26/D26),"") | F26: =IFERROR(SUM(D26*12),"") -> 0 | H26: 277TF | I26: Clam | L26: 1 | M26: =VLOOKUP(H26,Inventory!A:L,12,FALSE) -> 0.69 | N26: =M26*L26 -> 0.69
A27: 2023134655 | B27: =IFERROR(VLOOKUP($H27,'QB Inv Curr'!$H:$AD,13,FALSE),"") | C27: =IFERROR(VLOOKUP($H27,'QB Inv Curr'!$H:$AE,23,FALSE),"") | D27: =IFERROR(VLOOKUP($H27,'QB Inv Curr'!$H:$AL,29,FALSE),"") | E27: =IFERROR(SUM(B27/D27),"") | F27: =IFERROR(SUM(D27*12),"") | H27: 277LABEL | I27: Label | L27: 1 | M27: =VLOOKUP(H27,Inventory!A:L,12,FALSE) -> 0.3 | N27: =M27*L27 -> 0.3
A28: RG06-070 | B28: =IFERROR(VLOOKUP($H28,'QB Inv Curr'!$H:$AD,13,FALSE),"") | C28: =IFERROR(VLOOKUP($H28,'QB Inv Curr'!$H:$AE,23,FALSE),"") | D28: =IFERROR(VLOOKUP($H28,'QB Inv Curr'!$H:$AL,29,FALSE),"") | E28: =IFERROR(SUM(B28/D28),"") | F28: =IFERROR(SUM(D28*12),"") | G28: change | H28: LABOR75 | I28: Labor | L28: 1 | M28: =VLOOKUP(H28,Inventory!A:L,12,FALSE) -> 0.75 | N28: =M28*L28 -> 0.75
B29: =IFERROR(VLOOKUP($H29,'QB Inv Curr'!$H:$AD,13,FALSE),"") | C29: =IFERROR(VLOOKUP($H29,'QB Inv Curr'!$H:$AE,23,FALSE),"") | D29: =IFERROR(VLOOKUP($H29,'QB Inv Curr'!$H:$AL,29,FALSE),"") | E29: =IFERROR(SUM(B29/D29),"") | F29: =IFERROR(SUM(D29*12),"") | I29: Box | J29: u-bolt kit | L29: 0.25 | M29: 0.9 | N29: =M29*L29 -> 0.225
B30: =IFERROR(VLOOKUP($H30,'QB Inv Curr'!$H:$AD,13,FALSE),"") | C30: =IFERROR(VLOOKUP($H30,'QB Inv Curr'!$H:$AE,23,FALSE),"") | D30: =IFERROR(VLOOKUP($H30,'QB Inv Curr'!$H:$AL,29,FALSE),"") | E30: =IFERROR(SUM(B30/D30),"") | F30: =IFERROR(SUM(D30*12),"")
A31: 11-870 | B31: =IFERROR(VLOOKUP($H31,'QB Inv Curr'!$H:$AD,13,FALSE),"") -> 0 | C31: =IFERROR(VLOOKUP($H31,'QB Inv Curr'!$H:$AE,23,FALSE),"") -> 0 | D31: =IFERROR(VLOOKUP($H31,'QB Inv Curr'!$H:$AL,29,FALSE),"") -> 0 | E31: =IFERROR(SUM(B31/D31),"") | F31: =IFERROR(SUM(D31*12),"") -> 0 | G31: K-DL-2125-03 | H31: 11-870 | J31: GENUINE AXLETEK 7-8K 2.125” I.D. Double Lip Seal, PAK/2 DL-2125-03 | K31: 810797031435 | Q31: =SUM(N32:N36) -> 1.965 | R31: 5.52 | S31: 10.99 | W31: =Q31*1.75 -> 3.43875 | X31: =SUM(W31-Q31)/W31 -> 0.42857143 | Y31: 7.99 | Z31: =SUM(Y31-W31)/Y31 -> 0.56961827 | AA31: 22.03 | AB31: =SUM(AA31-Q31)/AA31 -> 0.91080345 | AC31: https://www.etrailer.com/Trailer-Bearings-Races-Seals-Caps/TruRyde/RG06-090.html
A32: 12-810 | B32: =IFERROR(VLOOKUP($H32,'QB Inv Curr'!$H:$AD,13,FALSE),"") -> 0 | C32: =IFERROR(VLOOKUP($H32,'QB Inv Curr'!$H:$AE,23,FALSE),"") -> 0 | D32: =IFERROR(VLOOKUP($H32,'QB Inv Curr'!$H:$AL,29,FALSE),"") -> 0 | E32: =IFERROR(SUM(B32/D32),"") | F32: =IFERROR(SUM(D32*12),"") -> 0 | G32: DL-2125-03 | H32: 12-837 | I32: 2) Grease Seal 2.15" ID (DL-2125-03) | L32: 2 | M32: 0 | N32: =SUM(M32*$N$2)*L32 -> 0
B33: =IFERROR(VLOOKUP($H33,'QB Inv Curr'!$H:$AD,13,FALSE),"") -> 1200 | C33: =IFERROR(VLOOKUP($H33,'QB Inv Curr'!$H:$AE,23,FALSE),"") -> 0 | D33: =IFERROR(VLOOKUP($H33,'QB Inv Curr'!$H:$AL,29,FALSE),"") -> 0 | E33: =IFERROR(SUM(B33/D33),"") | F33: =IFERROR(SUM(D33*12),"") -> 0 | H33: 277TF | I33: Clam | L33: 1 | M33: =VLOOKUP(H33,Inventory!A:L,12,FALSE) -> 0.69 | N33: =M33*L33 -> 0.69
B34: =IFERROR(VLOOKUP($H34,'QB Inv Curr'!$H:$AD,13,FALSE),"") | C34: =IFERROR(VLOOKUP($H34,'QB Inv Curr'!$H:$AE,23,FALSE),"") | D34: =IFERROR(VLOOKUP($H34,'QB Inv Curr'!$H:$AL,29,FALSE),"") | E34: =IFERROR(SUM(B34/D34),"") | F34: =IFERROR(SUM(D34*12),"") | H34: 277LABEL | I34: Label | L34: 1 | M34: =VLOOKUP(H34,Inventory!A:L,12,FALSE) -> 0.3 | N34: =M34*L34 -> 0.3
A35: RG06-090 | B35: =IFERROR(VLOOKUP($H35,'QB Inv Curr'!$H:$AD,13,FALSE),"") | C35: =IFERROR(VLOOKUP($H35,'QB Inv Curr'!$H:$AE,23,FALSE),"") | D35: =IFERROR(VLOOKUP($H35,'QB Inv Curr'!$H:$AL,29,FALSE),"") | E35: =IFERROR(SUM(B35/D35),"") | F35: =IFERROR(SUM(D35*12),"") | G35: 206TF | H35: LABOR75 | I35: Labor | L35: 1 | M35: =VLOOKUP(H35,Inventory!A:L,12,FALSE) -> 0.75 | N35: =M35*L35 -> 0.75
B36: =IFERROR(VLOOKUP($H36,'QB Inv Curr'!$H:$AD,13,FALSE),"") | C36: =IFERROR(VLOOKUP($H36,'QB Inv Curr'!$H:$AE,23,FALSE),"") | D36: =IFERROR(VLOOKUP($H36,'QB Inv Curr'!$H:$AL,29,FALSE),"") | E36: =IFERROR(SUM(B36/D36),"") | F36: =IFERROR(SUM(D36*12),"") | I36: Box | L36: 0.25 | M36: 0.9 | N36: =M36*L36 -> 0.225
B37: =IFERROR(VLOOKUP($H37,'QB Inv Curr'!$H:$AD,13,FALSE),"") | C37: =IFERROR(VLOOKUP($H37,'QB Inv Curr'!$H:$AE,23,FALSE),"") | D37: =IFERROR(VLOOKUP($H37,'QB Inv Curr'!$H:$AL,29,FALSE),"") | E37: =IFERROR(SUM(B37/D37),"") | F37: =IFERROR(SUM(D37*12),"")
B38: =IFERROR(VLOOKUP($H38,'QB Inv Curr'!$H:$AD,13,FALSE),"") | C38: =IFERROR(VLOOKUP($H38,'QB Inv Curr'!$H:$AE,23,FALSE),"") | D38: =IFERROR(VLOOKUP($H38,'QB Inv Curr'!$H:$AL,29,FALSE),"") | E38: =IFERROR(SUM(B38/D38),"") | F38: =IFERROR(SUM(D38*12),"")
A39: 11-875 | B39: =IFERROR(VLOOKUP($H39,'QB Inv Curr'!$H:$AD,13,FALSE),"") -> 0 | C39: =IFERROR(VLOOKUP($H39,'QB Inv Curr'!$H:$AE,23,FALSE),"") -> 0 | D39: =IFERROR(VLOOKUP($H39,'QB Inv Curr'!$H:$AL,29,FALSE),"") -> 0 | E39: =IFERROR(SUM(B39/D39),"") | F39: =IFERROR(SUM(D39*12),"") -> 0 | G39: K-OB-1063-01 | H39: 11-875 | J39: GENUINE AXLETEK 7-8K 2.25” I.D. Unitized Oil Seal, PAK/2 OB-1063-01 | K39: 810797031442 | Q39: =SUM(N40:N44) -> 22.8674 | S39: 44.99 | V39: eTrailer BULK price for 1 | W39: =Q39*1.75 -> 40.01795 | X39: =SUM(W39-Q39)/W39 -> 0.42857143 | Y39: 49.99 | Z39: =SUM(Y39-W39)/Y39 -> 0.1994809 | AA39: 68.85 | AB39: =SUM(AA39-Q39)/AA39 -> 0.66786638 | AC39: https://www.etrailer.com/Trailer-Bearings-Races-Seals-Caps/Dexter/10-63.html
A40: 12-863 | B40: =IFERROR(VLOOKUP($H40,'QB Inv Curr'!$H:$AD,13,FALSE),"") -> 0 | C40: =IFERROR(VLOOKUP($H40,'QB Inv Curr'!$H:$AE,23,FALSE),"") -> 500 | D40: =IFERROR(VLOOKUP($H40,'QB Inv Curr'!$H:$AL,29,FALSE),"") -> 0 | E40: =IFERROR(SUM(B40/D40),"") | F40: =IFERROR(SUM(D40*12),"") -> 0 | H40: 12-863 | I40: 2) Oil Seal 2.25" ID (OB-1063-01) | L40: 2 | M40: 7.36 | N40: =SUM(M40*1.42)*L40 -> 20.9024 | AA40: 25.95 | AC40: https://www.lippert.com/lippert-shaft-oil-seal-5200-8000-lb-axles-225in-id-2-pack-2023134018-2023134018?queryID=d842bd848a12a72931ba35b2812807da&objectID=23891&indexName=gwp_d2c_prod_lippert_products
A41: 10-63 | B41: =IFERROR(VLOOKUP($H41,'QB Inv Curr'!$H:$AD,13,FALSE),"") -> 1200 | C41: =IFERROR(VLOOKUP($H41,'QB Inv Curr'!$H:$AE,23,FALSE),"") -> 0 | D41: =IFERROR(VLOOKUP($H41,'QB Inv Curr'!$H:$AL,29,FALSE),"") -> 0 | E41: =IFERROR(SUM(B41/D41),"") | F41: =IFERROR(SUM(D41*12),"") -> 0 | H41: 277TF | I41: Clam | L41: 1 | M41: =VLOOKUP(H41,Inventory!A:L,12,FALSE) -> 0.69 | N41: =M41*L41 -> 0.69
A42: 2023134018 | B42: =IFERROR(VLOOKUP($H42,'QB Inv Curr'!$H:$AD,13,FALSE),"") | C42: =IFERROR(VLOOKUP($H42,'QB Inv Curr'!$H:$AE,23,FALSE),"") | D42: =IFERROR(VLOOKUP($H42,'QB Inv Curr'!$H:$AL,29,FALSE),"") | E42: =IFERROR(SUM(B42/D42),"") | F42: =IFERROR(SUM(D42*12),"") | H42: 277LABEL | I42: Label | L42: 1 | M42: =VLOOKUP(H42,Inventory!A:L,12,FALSE) -> 0.3 | N42: =M42*L42 -> 0.3
B43: =IFERROR(VLOOKUP($H43,'QB Inv Curr'!$H:$AD,13,FALSE),"") | C43: =IFERROR(VLOOKUP($H43,'QB Inv Curr'!$H:$AE,23,FALSE),"") | D43: =IFERROR(VLOOKUP($H43,'QB Inv Curr'!$H:$AL,29,FALSE),"") | E43: =IFERROR(SUM(B43/D43),"") | F43: =IFERROR(SUM(D43*12),"") | H43: LABOR75 | I43: Labor | L43: 1 | M43: =VLOOKUP(H43,Inventory!A:L,12,FALSE) -> 0.75 | N43: =M43*L43 -> 0.75
B44: =IFERROR(VLOOKUP($H44,'QB Inv Curr'!$H:$AD,13,FALSE),"") | C44: =IFERROR(VLOOKUP($H44,'QB Inv Curr'!$H:$AE,23,FALSE),"") | D44: =IFERROR(VLOOKUP($H44,'QB Inv Curr'!$H:$AL,29,FALSE),"") | E44: =IFERROR(SUM(B44/D44),"") | F44: =IFERROR(SUM(D44*12),"") | I44: Box | L44: 0.25 | M44: 0.9 | N44: =M44*L44 -> 0.225
B45: =IFERROR(VLOOKUP($H45,'QB Inv Curr'!$H:$AD,13,FALSE),"") | C45: =IFERROR(VLOOKUP($H45,'QB Inv Curr'!$H:$AE,23,FALSE),"") | D45: =IFERROR(VLOOKUP($H45,'QB Inv Curr'!$H:$AL,29,FALSE),"") | E45: =IFERROR(SUM(B45/D45),"") | F45: =IFERROR(SUM(D45*12),"")
A46: 11-880 | B46: =IFERROR(VLOOKUP($H46,'QB Inv Curr'!$H:$AD,13,FALSE),"") -> 0 | C46: =IFERROR(VLOOKUP($H46,'QB Inv Curr'!$H:$AE,23,FALSE),"") -> 0 | D46: =IFERROR(VLOOKUP($H46,'QB Inv Curr'!$H:$AL,29,FALSE),"") -> 0 | E46: =IFERROR(SUM(B46/D46),"") | F46: =IFERROR(SUM(D46*12),"") -> 0 | G46: K-OB-183463 | H46: 11-880 | J46: GENUINE AXLETEK 10K 2.875” I.D. Unitized Oil BLUE Seal, PAK/2 OB-183463 | K46: 810797031459 | L46: 1 | Q46: =SUM(N47:N51) -> 24.4294 | S46: 49.99 | V46: eTrailer BULK price for 1 | W46: =Q46*1.75 -> 42.75145 | X46: =SUM(W46-Q46)/W46 -> 0.42857143 | Y46: 52.99 | Z46: =SUM(Y46-W46)/Y46 -> 0.19321664 | AA46: 59.99 | AB46: =SUM(AA46-Q46)/AA46 -> 0.59277546
A47: 12-851 | B47: =IFERROR(VLOOKUP($H47,'QB Inv Curr'!$H:$AD,13,FALSE),"") -> 0 | C47: =IFERROR(VLOOKUP($H47,'QB Inv Curr'!$H:$AE,23,FALSE),"") -> 1000 | D47: =IFERROR(VLOOKUP($H47,'QB Inv Curr'!$H:$AL,29,FALSE),"") -> 0 | E47: =IFERROR(SUM(B47/D47),"") | F47: =IFERROR(SUM(D47*12),"") -> 0 | H47: 12-851 | I47: 2) Oil Seal 2.875" ID (OB-183463) | L47: 2 | M47: 7.91 | N47: =SUM(M47*1.42)*L47 -> 22.4644 | AA47: 24.95 | AC47: https://www.lippert.com/lippert-wheel-end-oil-seal-10000-lb-axles-2875in-id-2-pack-2023134019-2023134019?queryID=100e4c514cd30761a75f2c3f087ba47b&objectID=23850&indexName=gwp_d2c_prod_lippert_products
B48: =IFERROR(VLOOKUP($H48,'QB Inv Curr'!$H:$AD,13,FALSE),"") -> 1200 | C48: =IFERROR(VLOOKUP($H48,'QB Inv Curr'!$H:$AE,23,FALSE),"") -> 0 | D48: =IFERROR(VLOOKUP($H48,'QB Inv Curr'!$H:$AL,29,FALSE),"") -> 0 | E48: =IFERROR(SUM(B48/D48),"") | F48: =IFERROR(SUM(D48*12),"") -> 0 | H48: 277TF | I48: Clam | L48: 1 | M48: =VLOOKUP(H48,Inventory!A:L,12,FALSE) -> 0.69 | N48: =M48*L48 -> 0.69
A49: 2023134019 | B49: =IFERROR(VLOOKUP($H49,'QB Inv Curr'!$H:$AD,13,FALSE),"") | C49: =IFERROR(VLOOKUP($H49,'QB Inv Curr'!$H:$AE,23,FALSE),"") | D49: =IFERROR(VLOOKUP($H49,'QB Inv Curr'!$H:$AL,29,FALSE),"") | E49: =IFERROR(SUM(B49/D49),"") | F49: =IFERROR(SUM(D49*12),"") | H49: 277LABEL | I49: Label | L49: 1 | M49: =VLOOKUP(H49,Inventory!A:L,12,FALSE) -> 0.3 | N49: =M49*L49 -> 0.3
B50: =IFERROR(VLOOKUP($H50,'QB Inv Curr'!$H:$AD,13,FALSE),"") | C50: =IFERROR(VLOOKUP($H50,'QB Inv Curr'!$H:$AE,23,FALSE),"") | D50: =IFERROR(VLOOKUP($H50,'QB Inv Curr'!$H:$AL,29,FALSE),"") | E50: =IFERROR(SUM(B50/D50),"") | F50: =IFERROR(SUM(D50*12),"") | H50: LABOR75 | I50: Labor | L50: 1 | M50: =VLOOKUP(H50,Inventory!A:L,12,FALSE) -> 0.75 | N50: =M50*L50 -> 0.75
B51: =IFERROR(VLOOKUP($H51,'QB Inv Curr'!$H:$AD,13,FALSE),"") | C51: =IFERROR(VLOOKUP($H51,'QB Inv Curr'!$H:$AE,23,FALSE),"") | D51: =IFERROR(VLOOKUP($H51,'QB Inv Curr'!$H:$AL,29,FALSE),"") | E51: =IFERROR(SUM(B51/D51),"") | F51: =IFERROR(SUM(D51*12),"") | I51: Box | L51: 0.25 | M51: 0.9 | N51: =M51*L51 -> 0.225
B52: =IFERROR(VLOOKUP($H52,'QB Inv Curr'!$H:$AD,13,FALSE),"") | C52: =IFERROR(VLOOKUP($H52,'QB Inv Curr'!$H:$AE,23,FALSE),"") | D52: =IFERROR(VLOOKUP($H52,'QB Inv Curr'!$H:$AL,29,FALSE),"") | E52: =IFERROR(SUM(B52/D52),"") | F52: =IFERROR(SUM(D52*12),"")
A53: 11-885 | B53: =IFERROR(VLOOKUP($H53,'QB Inv Curr'!$H:$AD,13,FALSE),"") -> 0 | C53: =IFERROR(VLOOKUP($H53,'QB Inv Curr'!$H:$AE,23,FALSE),"") -> 0 | D53: =IFERROR(VLOOKUP($H53,'QB Inv Curr'!$H:$AL,29,FALSE),"") -> 0 | E53: =IFERROR(SUM(B53/D53),"") | F53: =IFERROR(SUM(D53*12),"") -> 0 | G53: K-OB-1052-02 | H53: 11-885 | J53: GENUINE AXLETEK 10K 2.875” I.D. Unitized Oil RED Seal, PAK/2 OB-1051-02 | K53: 810797031466 | L53: 1 | Q53: =SUM(N54:N58) -> 1.965 | R53: 39.897 | S53: 49.99 | V53: eTrailer BULK price for 1 | W53: =Q53*1.75 -> 3.43875 | X53: =SUM(W53-Q53)/W53 -> 0.42857143 | Y53: 6.99 | Z53: =SUM(Y53-W53)/Y53 -> 0.50804721 | AA53: 60.78 | AB53: =SUM(AA53-Q53)/AA53 -> 0.96767029 | AC53: https://www.etrailer.com/Trailer-Bearings-Races-Seals-Caps/Redline/10-51.html
A54: 12-852 | B54: =IFERROR(VLOOKUP($H54,'QB Inv Curr'!$H:$AD,13,FALSE),"") -> 0 | C54: =IFERROR(VLOOKUP($H54,'QB Inv Curr'!$H:$AE,23,FALSE),"") -> 0 | D54: =IFERROR(VLOOKUP($H54,'QB Inv Curr'!$H:$AL,29,FALSE),"") -> 0 | E54: =IFERROR(SUM(B54/D54),"") | F54: =IFERROR(SUM(D54*12),"") -> 0 | H54: 12-852 | I54: 2) Oil Seal RED 2.875" ID (OB-1051-02) | L54: 2 | M54: =VLOOKUP(H54,Inventory!A:L,12,FALSE) -> 0 | N54: =SUM(M54*1.42)*L54 -> 0
A55: 10-52 | B55: =IFERROR(VLOOKUP($H55,'QB Inv Curr'!$H:$AD,13,FALSE),"") -> 1200 | C55: =IFERROR(VLOOKUP($H55,'QB Inv Curr'!$H:$AE,23,FALSE),"") -> 0 | D55: =IFERROR(VLOOKUP($H55,'QB Inv Curr'!$H:$AL,29,FALSE),"") -> 0 | E55: =IFERROR(SUM(B55/D55),"") | F55: =IFERROR(SUM(D55*12),"") -> 0 | H55: 277TF | I55: Clam | L55: 1 | M55: =VLOOKUP(H55,Inventory!A:L,12,FALSE) -> 0.69 | N55: =M55*L55 -> 0.69
B56: =IFERROR(VLOOKUP($H56,'QB Inv Curr'!$H:$AD,13,FALSE),"") | C56: =IFERROR(VLOOKUP($H56,'QB Inv Curr'!$H:$AE,23,FALSE),"") | D56: =IFERROR(VLOOKUP($H56,'QB Inv Curr'!$H:$AL,29,FALSE),"") | E56: =IFERROR(SUM(B56/D56),"") | F56: =IFERROR(SUM(D56*12),"") | H56: 277LABEL | I56: Label | L56: 1 | M56: =VLOOKUP(H56,Inventory!A:L,12,FALSE) -> 0.3 | N56: =M56*L56 -> 0.3
B57: =IFERROR(VLOOKUP($H57,'QB Inv Curr'!$H:$AD,13,FALSE),"") | C57: =IFERROR(VLOOKUP($H57,'QB Inv Curr'!$H:$AE,23,FALSE),"") | D57: =IFERROR(VLOOKUP($H57,'QB Inv Curr'!$H:$AL,29,FALSE),"") | E57: =IFERROR(SUM(B57/D57),"") | F57: =IFERROR(SUM(D57*12),"") | H57: LABOR75 | I57: Labor | L57: 1 | M57: =VLOOKUP(H57,Inventory!A:L,12,FALSE) -> 0.75 | N57: =M57*L57 -> 0.75
B58: =IFERROR(VLOOKUP($H58,'QB Inv Curr'!$H:$AD,13,FALSE),"") | C58: =IFERROR(VLOOKUP($H58,'QB Inv Curr'!$H:$AE,23,FALSE),"") | D58: =IFERROR(VLOOKUP($H58,'QB Inv Curr'!$H:$AL,29,FALSE),"") | E58: =IFERROR(SUM(B58/D58),"") | F58: =IFERROR(SUM(D58*12),"") | I58: Box | L58: 0.25 | M58: 0.9 | N58: =M58*L58 -> 0.225
B59: =IFERROR(VLOOKUP($H59,'QB Inv Curr'!$H:$AD,13,FALSE),"") | C59: =IFERROR(VLOOKUP($H59,'QB Inv Curr'!$H:$AE,23,FALSE),"") | D59: =IFERROR(VLOOKUP($H59,'QB Inv Curr'!$H:$AL,29,FALSE),"") | E59: =IFERROR(SUM(B59/D59),"") | F59: =IFERROR(SUM(D59*12),"")
A60: 11-890 | B60: =IFERROR(VLOOKUP($H60,'QB Inv Curr'!$H:$AD,13,FALSE),"") -> 0 | C60: =IFERROR(VLOOKUP($H60,'QB Inv Curr'!$H:$AE,23,FALSE),"") -> 0 | D60: =IFERROR(VLOOKUP($H60,'QB Inv Curr'!$H:$AL,29,FALSE),"") -> 0 | E60: =IFERROR(SUM(B60/D60),"") | F60: =IFERROR(SUM(D60*12),"") -> 0 | G60: K-OB-1056-02 | H60: 11-890 | J60: GENUINE AXLETEK 12K 3.125 I.D. Unitized Oil Seal, PAK/2 OB-1056-02 | K60: 810797031473 | L60: 1 | Q60: =SUM(N61:N65) -> 28.4054 | R60: 43.1805 | S60: 59.99 | V60: eTrailer BULK price for 1 | W60: =Q60*1.75 -> 49.70945 | X60: =SUM(W60-Q60)/W60 -> 0.42857143 | Y60: 55.99 | Z60: =SUM(Y60-W60)/Y60 -> 0.11217271 | AA60: 57.59 | AB60: =SUM(AA60-Q60)/AA60 -> 0.50676506 | AC60: https://www.etrailer.com/Trailer-Bearings-Races-Seals-Caps/Redline/10-56.html
A61: 12-856 | B61: =IFERROR(VLOOKUP($H61,'QB Inv Curr'!$H:$AD,13,FALSE),"") -> 0 | C61: =IFERROR(VLOOKUP($H61,'QB Inv Curr'!$H:$AE,23,FALSE),"") -> 400 | D61: =IFERROR(VLOOKUP($H61,'QB Inv Curr'!$H:$AL,29,FALSE),"") -> 0 | E61: =IFERROR(SUM(B61/D61),"") | F61: =IFERROR(SUM(D61*12),"") -> 0 | H61: 12-856 | I61: 2) Oil Seal RED 3.125" ID (OB-1056-02) | L61: 2 | M61: 9.31 | N61: =SUM(M61*1.42)*L61 -> 26.4404 | AA61: 40.95 | AC61: https://www.lippert.com/lippert-wheel-end-oil-seal-12000-16000-lb-axles-3125in-id-2-pack-2023134020-2023134020?queryID=49acc75ccbd834fb12fc3884a84260f0&objectID=23892&indexName=gwp_d2c_prod_lippert_products
A62: 10-56 | B62: =IFERROR(VLOOKUP($H62,'QB Inv Curr'!$H:$AD,13,FALSE),"") -> 1200 | C62: =IFERROR(VLOOKUP($H62,'QB Inv Curr'!$H:$AE,23,FALSE),"") -> 0 | D62: =IFERROR(VLOOKUP($H62,'QB Inv Curr'!$H:$AL,29,FALSE),"") -> 0 | E62: =IFERROR(SUM(B62/D62),"") | F62: =IFERROR(SUM(D62*12),"") -> 0 | G62: 409TF | H62: 277TF | I62: Clam | L62: 1 | M62: =VLOOKUP(H62,Inventory!A:L,12,FALSE) -> 0.69 | N62: =M62*L62 -> 0.69
A63: 2023134020 | B63: =IFERROR(VLOOKUP($H63,'QB Inv Curr'!$H:$AD,13,FALSE),"") | C63: =IFERROR(VLOOKUP($H63,'QB Inv Curr'!$H:$AE,23,FALSE),"") | D63: =IFERROR(VLOOKUP($H63,'QB Inv Curr'!$H:$AL,29,FALSE),"") | E63: =IFERROR(SUM(B63/D63),"") | F63: =IFERROR(SUM(D63*12),"") | G63: 409LABEL | H63: 277LABEL | I63: Label | L63: 1 | M63: =VLOOKUP(H63,Inventory!A:L,12,FALSE) -> 0.3 | N63: =M63*L63 -> 0.3
B64: =IFERROR(VLOOKUP($H64,'QB Inv Curr'!$H:$AD,13,FALSE),"") | C64: =IFERROR(VLOOKUP($H64,'QB Inv Curr'!$H:$AE,23,FALSE),"") | D64: =IFERROR(VLOOKUP($H64,'QB Inv Curr'!$H:$AL,29,FALSE),"") | E64: =IFERROR(SUM(B64/D64),"") | F64: =IFERROR(SUM(D64*12),"") | H64: LABOR75 | I64: Labor | L64: 1 | M64: =VLOOKUP(H64,Inventory!A:L,12,FALSE) -> 0.75 | N64: =M64*L64 -> 0.75
B65: =IFERROR(VLOOKUP($H65,'QB Inv Curr'!$H:$AD,13,FALSE),"") | C65: =IFERROR(VLOOKUP($H65,'QB Inv Curr'!$H:$AE,23,FALSE),"") | D65: =IFERROR(VLOOKUP($H65,'QB Inv Curr'!$H:$AL,29,FALSE),"") | E65: =IFERROR(SUM(B65/D65),"") | F65: =IFERROR(SUM(D65*12),"") | I65: Box | L65: 0.25 | M65: 0.9 | N65: =M65*L65 -> 0.225
B66: =IFERROR(VLOOKUP($H66,'QB Inv Curr'!$H:$AD,13,FALSE),"") | C66: =IFERROR(VLOOKUP($H66,'QB Inv Curr'!$H:$AE,23,FALSE),"") | D66: =IFERROR(VLOOKUP($H66,'QB Inv Curr'!$H:$AL,29,FALSE),"") | E66: =IFERROR(SUM(B66/D66),"") | F66: =IFERROR(SUM(D66*12),"")
A67: 11-100 | B67: =IFERROR(VLOOKUP($H67,'QB Inv Curr'!$H:$AD,13,FALSE),"") -> 30 | C67: =IFERROR(VLOOKUP($H67,'QB Inv Curr'!$H:$AE,23,FALSE),"") -> 0 | D67: =IFERROR(VLOOKUP($H67,'QB Inv Curr'!$H:$AL,29,FALSE),"") -> 0 | E67: =IFERROR(SUM(B67/D67),"") | F67: =IFERROR(SUM(D67*12),"") -> 0 | G67: RG04-040 | H67: 11-100 | J67: GENUINE AXLETEK Dust Cap, Lubed 1.99 for 2-3.5K axle. Includes plug. | K67: 810797031480 | L67: 1 | Q67: =SUM(N68:N72) -> 3.3514 | R67: 4.8015 | S67: 9.99 | W67: =Q67*2 -> 6.7028 | X67: =SUM(W67-Q67)/W67 -> 0.5 | Y67: 7.99 | Z67: =SUM(Y67-W67)/Y67 -> 0.16110138 | AA67: 12.58 | AB67: =SUM(AA67-Q67)/AA67 -> 0.733593 | AC67: https://www.etrailer.com/Trailer-Bearings-Races-Seals-Caps/TruRyde/RG04-040.html
A68: 11-101 | B68: =IFERROR(VLOOKUP($H68,'QB Inv Curr'!$H:$AD,13,FALSE),"") -> 590 | C68: =IFERROR(VLOOKUP($H68,'QB Inv Curr'!$H:$AE,23,FALSE),"") -> 650 | D68: =IFERROR(VLOOKUP($H68,'QB Inv Curr'!$H:$AL,29,FALSE),"") -> 0 | E68: =IFERROR(SUM(B68/D68),"") | F68: =IFERROR(SUM(D68*12),"") -> 0 | H68: 11-101 | I68: 2) Grease Cap 1.98 Lubed, w/ plug (GC545EZ) | L68: 2 | M68: =VLOOKUP(H68,Inventory!A:L,12,FALSE) -> 0.46 | N68: =SUM(M68*1.42)*L68 -> 1.3064 | AA68: 8.95 | AC68: https://www.lippert.com/lippert-dust-cap-kit-for-2000-to-3500-lb-axle-hubs-1988in-outer-diameter-2023134661-2023134661?queryID=1b3ad20b69a472f0e99f8af6518cb08a&objectID=23895&indexName=gwp_d2c_prod_lippert_products
A69: 2023134661 | B69: =IFERROR(VLOOKUP($H69,'QB Inv Curr'!$H:$AD,13,FALSE),"") -> 1017 | C69: =IFERROR(VLOOKUP($H69,'QB Inv Curr'!$H:$AE,23,FALSE),"") -> 0 | D69: =IFERROR(VLOOKUP($H69,'QB Inv Curr'!$H:$AL,29,FALSE),"") -> 0 | E69: =IFERROR(SUM(B69/D69),"") | F69: =IFERROR(SUM(D69*12),"") -> 0 | H69: 409TF | I69: Clam | L69: 1 | M69: =VLOOKUP(H69,Inventory!A:L,12,FALSE) -> 0.72 | N69: =M69*L69 -> 0.72
B70: =IFERROR(VLOOKUP($H70,'QB Inv Curr'!$H:$AD,13,FALSE),"") | C70: =IFERROR(VLOOKUP($H70,'QB Inv Curr'!$H:$AE,23,FALSE),"") | D70: =IFERROR(VLOOKUP($H70,'QB Inv Curr'!$H:$AL,29,FALSE),"") | E70: =IFERROR(SUM(B70/D70),"") | F70: =IFERROR(SUM(D70*12),"") | H70: 409LABEL | I70: Label | L70: 1 | M70: =VLOOKUP(H70,Inventory!A:L,12,FALSE) -> 0.35 | N70: =M70*L70 -> 0.35
B71: =IFERROR(VLOOKUP($H71,'QB Inv Curr'!$H:$AD,13,FALSE),"") | C71: =IFERROR(VLOOKUP($H71,'QB Inv Curr'!$H:$AE,23,FALSE),"") | D71: =IFERROR(VLOOKUP($H71,'QB Inv Curr'!$H:$AL,29,FALSE),"") | E71: =IFERROR(SUM(B71/D71),"") | F71: =IFERROR(SUM(D71*12),"") | H71: LABOR75 | I71: Labor | L71: 1 | M71: =VLOOKUP(H71,Inventory!A:L,12,FALSE) -> 0.75 | N71: =M71*L71 -> 0.75
B72: =IFERROR(VLOOKUP($H72,'QB Inv Curr'!$H:$AD,13,FALSE),"") | C72: =IFERROR(VLOOKUP($H72,'QB Inv Curr'!$H:$AE,23,FALSE),"") | D72: =IFERROR(VLOOKUP($H72,'QB Inv Curr'!$H:$AL,29,FALSE),"") | E72: =IFERROR(SUM(B72/D72),"") | F72: =IFERROR(SUM(D72*12),"") | I72: Box | L72: 0.25 | M72: 0.9 | N72: =M72*L72 -> 0.225
B73: =IFERROR(VLOOKUP($H73,'QB Inv Curr'!$H:$AD,13,FALSE),"") | C73: =IFERROR(VLOOKUP($H73,'QB Inv Curr'!$H:$AE,23,FALSE),"") | D73: =IFERROR(VLOOKUP($H73,'QB Inv Curr'!$H:$AL,29,FALSE),"") | E73: =IFERROR(SUM(B73/D73),"") | F73: =IFERROR(SUM(D73*12),"")
A74: 11-105 | B74: =IFERROR(VLOOKUP($H74,'QB Inv Curr'!$H:$AD,13,FALSE),"") -> 30 | C74: =IFERROR(VLOOKUP($H74,'QB Inv Curr'!$H:$AE,23,FALSE),"") -> 0 | D74: =IFERROR(VLOOKUP($H74,'QB Inv Curr'!$H:$AL,29,FALSE),"") -> 0 | E74: =IFERROR(SUM(B74/D74),"") | F74: =IFERROR(SUM(D74*12),"") -> 0 | G74: RG04-080 | H74: 11-105 | J74: GENUINE AXLETEK Dust Cap, Lubed 2.44 for 5.2-6K axle. Includes plug. | K74: 810797031497 | L74: 1 | Q74: =SUM(N75:N79) -> #N/A | R74: 4.95 | S74: 11.99 | W74: =Q74*2 -> #N/A | X74: =SUM(W74-Q74)/W74 -> #N/A | Y74: 8.99 | Z74: =SUM(Y74-W74)/Y74 -> #N/A | AA74: 7.02 | AB74: =SUM(AA74-Q74)/AA74 -> #N/A | AC74: https://www.etrailer.com/Trailer-Bearings-Races-Seals-Caps/TruRyde/RG04-080.html
A75: 11-106 | B75: =IFERROR(VLOOKUP($H75,'QB Inv Curr'!$H:$AD,13,FALSE),"") -> 390 | C75: =IFERROR(VLOOKUP($H75,'QB Inv Curr'!$H:$AE,23,FALSE),"") -> 450 | D75: =IFERROR(VLOOKUP($H75,'QB Inv Curr'!$H:$AL,29,FALSE),"") -> 0 | E75: =IFERROR(SUM(B75/D75),"") | F75: =IFERROR(SUM(D75*12),"") -> 0 | H75: 11-106 | I75: 2) Grease Cap 2.44" Lubed, w/ plug (GC655EZ) | L75: 2 | M75: =VLOOKUP(H75,Inventory!A:L,12,FALSE) -> 0.5 | N75: =SUM(M75*1.42)*L75 -> 1.42 | AA75: 9.95 | AC75: https://www.lippert.com/lippert-dust-cap-kit-for-5200-to-6000-lb-axle-hubs-245in-outer-diameter-2023134662-2023134662?queryID=683a6c164162890aaa7e9057f8aea8a1&objectID=23893&indexName=gwp_d2c_prod_lippert_products
A76: 2023134662 | B76: =IFERROR(VLOOKUP($H76,'QB Inv Curr'!$H:$AD,13,FALSE),"") -> 1017 | C76: =IFERROR(VLOOKUP($H76,'QB Inv Curr'!$H:$AE,23,FALSE),"") -> 0 | D76: =IFERROR(VLOOKUP($H76,'QB Inv Curr'!$H:$AL,29,FALSE),"") -> 0 | E76: =IFERROR(SUM(B76/D76),"") | F76: =IFERROR(SUM(D76*12),"") -> 0 | H76: 409TF | I76: Clam | L76: 1 | M76: =VLOOKUP(H76,Inventory!A:L,12,FALSE) -> 0.72 | N76: =M76*L76 -> 0.72
B77: =IFERROR(VLOOKUP($H77,'QB Inv Curr'!$H:$AD,13,FALSE),"") -> 220 | C77: =IFERROR(VLOOKUP($H77,'QB Inv Curr'!$H:$AE,23,FALSE),"") -> 0 | D77: =IFERROR(VLOOKUP($H77,'QB Inv Curr'!$H:$AL,29,FALSE),"") -> 0 | E77: =IFERROR(SUM(B77/D77),"") | F77: =IFERROR(SUM(D77*12),"") -> 0 | H77: z-11-105 | I77: Label409 | L77: 1 | M77: =VLOOKUP(H77,Inventory!A:L,12,FALSE) -> #N/A | N77: =M77*L77 -> #N/A
B78: =IFERROR(VLOOKUP($H78,'QB Inv Curr'!$H:$AD,13,FALSE),"") | C78: =IFERROR(VLOOKUP($H78,'QB Inv Curr'!$H:$AE,23,FALSE),"") | D78: =IFERROR(VLOOKUP($H78,'QB Inv Curr'!$H:$AL,29,FALSE),"") | E78: =IFERROR(SUM(B78/D78),"") | F78: =IFERROR(SUM(D78*12),"") | H78: LABOR75 | I78: Labor | L78: 1 | M78: =VLOOKUP(H78,Inventory!A:L,12,FALSE) -> 0.75 | N78: =M78*L78 -> 0.75
B79: =IFERROR(VLOOKUP($H79,'QB Inv Curr'!$H:$AD,13,FALSE),"") | C79: =IFERROR(VLOOKUP($H79,'QB Inv Curr'!$H:$AE,23,FALSE),"") | D79: =IFERROR(VLOOKUP($H79,'QB Inv Curr'!$H:$AL,29,FALSE),"") | E79: =IFERROR(SUM(B79/D79),"") | F79: =IFERROR(SUM(D79*12),"") | I79: Box | L79: 0.25 | M79: 0.9 | N79: =M79*L79 -> 0.225
B80: =IFERROR(VLOOKUP($H80,'QB Inv Curr'!$H:$AD,13,FALSE),"") | C80: =IFERROR(VLOOKUP($H80,'QB Inv Curr'!$H:$AE,23,FALSE),"") | D80: =IFERROR(VLOOKUP($H80,'QB Inv Curr'!$H:$AL,29,FALSE),"") | E80: =IFERROR(SUM(B80/D80),"") | F80: =IFERROR(SUM(D80*12),"")
A81: 11-110 | B81: =IFERROR(VLOOKUP($H81,'QB Inv Curr'!$H:$AD,13,FALSE),"") -> 30 | C81: =IFERROR(VLOOKUP($H81,'QB Inv Curr'!$H:$AE,23,FALSE),"") -> 0 | D81: =IFERROR(VLOOKUP($H81,'QB Inv Curr'!$H:$AL,29,FALSE),"") -> 0 | E81: =IFERROR(SUM(B81/D81),"") | F81: =IFERROR(SUM(D81*12),"") -> 0 | G81: RG04-120 | H81: 11-110 | J81: GENUINE AXLETEK Dust Cap, Lubed 2.72 for 7-8K axle. Includes plug. | K81: 810797031503 | L81: 1 | Q81: =SUM(N82:N86) -> #N/A | R81: 5.412 | S81: 12.99 | W81: =Q81*2 -> #N/A | X81: =SUM(W81-Q81)/W81 -> #N/A | Y81: 9.99 | Z81: =SUM(Y81-W81)/Y81 -> #N/A | AA81: 23.41 | AB81: =SUM(AA81-Q81)/AA81 -> #N/A | AC81: https://www.etrailer.com/Trailer-Bearings-Races-Seals-Caps/Redline/rg04-120.html
A82: 11-111 | B82: =IFERROR(VLOOKUP($H82,'QB Inv Curr'!$H:$AD,13,FALSE),"") -> 340 | C82: =IFERROR(VLOOKUP($H82,'QB Inv Curr'!$H:$AE,23,FALSE),"") -> 400 | D82: =IFERROR(VLOOKUP($H82,'QB Inv Curr'!$H:$AL,29,FALSE),"") -> 0 | E82: =IFERROR(SUM(B82/D82),"") | F82: =IFERROR(SUM(D82*12),"") -> 0 | H82: 11-111 | I82: 2) Grease Cap 2.72" Lubed, w/ plug (GC865EZ) | L82: 2 | M82: =VLOOKUP(H82,Inventory!A:L,12,FALSE) -> 0.63 | N82: =SUM(M82*1.42)*L82 -> 1.7892 | AA82: 10.95 | AC82: https://www.lippert.com/lippert-dust-cap-kit-for-7000-to-8000-lb-axle-hubs-272in-outer-diameter-2023134011-2023134011?queryID=970e9356731b03349b0541ec71f3fefb&objectId=23894&indexName=gwp_d2c_prod_lippert_products
B83: =IFERROR(VLOOKUP($H83,'QB Inv Curr'!$H:$AD,13,FALSE),"") -> 1017 | C83: =IFERROR(VLOOKUP($H83,'QB Inv Curr'!$H:$AE,23,FALSE),"") -> 0 | D83: =IFERROR(VLOOKUP($H83,'QB Inv Curr'!$H:$AL,29,FALSE),"") -> 0 | E83: =IFERROR(SUM(B83/D83),"") | F83: =IFERROR(SUM(D83*12),"") -> 0 | H83: 409TF | I83: Clam | L83: 1 | M83: =VLOOKUP(H83,Inventory!A:L,12,FALSE) -> 0.72 | N83: =M83*L83 -> 0.72
B84: =IFERROR(VLOOKUP($H84,'QB Inv Curr'!$H:$AD,13,FALSE),"") -> 220 | C84: =IFERROR(VLOOKUP($H84,'QB Inv Curr'!$H:$AE,23,FALSE),"") -> 0 | D84: =IFERROR(VLOOKUP($H84,'QB Inv Curr'!$H:$AL,29,FALSE),"") -> 0 | E84: =IFERROR(SUM(B84/D84),"") | F84: =IFERROR(SUM(D84*12),"") -> 0 | H84: Z-11-110 | I84: Label409 | L84: 1 | M84: =VLOOKUP(H84,Inventory!A:L,12,FALSE) -> #N/A | N84: =M84*L84 -> #N/A
B85: =IFERROR(VLOOKUP($H85,'QB Inv Curr'!$H:$AD,13,FALSE),"") | C85: =IFERROR(VLOOKUP($H85,'QB Inv Curr'!$H:$AE,23,FALSE),"") | D85: =IFERROR(VLOOKUP($H85,'QB Inv Curr'!$H:$AL,29,FALSE),"") | E85: =IFERROR(SUM(B85/D85),"") | F85: =IFERROR(SUM(D85*12),"") | H85: LABOR75 | I85: Labor | L85: 1 | M85: =VLOOKUP(H85,Inventory!A:L,12,FALSE) -> 0.75 | N85: =M85*L85 -> 0.75
B86: =IFERROR(VLOOKUP($H86,'QB Inv Curr'!$H:$AD,13,FALSE),"") | C86: =IFERROR(VLOOKUP($H86,'QB Inv Curr'!$H:$AE,23,FALSE),"") | D86: =IFERROR(VLOOKUP($H86,'QB Inv Curr'!$H:$AL,29,FALSE),"") | E86: =IFERROR(SUM(B86/D86),"") | F86: =IFERROR(SUM(D86*12),"") | I86: Box | L86: 0.25 | M86: 0.9 | N86: =M86*L86 -> 0.225
B87: =IFERROR(VLOOKUP($H87,'QB Inv Curr'!$H:$AD,13,FALSE),"") | C87: =IFERROR(VLOOKUP($H87,'QB Inv Curr'!$H:$AE,23,FALSE),"") | D87: =IFERROR(VLOOKUP($H87,'QB Inv Curr'!$H:$AL,29,FALSE),"") | E87: =IFERROR(SUM(B87/D87),"") | F87: =IFERROR(SUM(D87*12),"")
A88: 11-130 | B88: =IFERROR(VLOOKUP($H88,'QB Inv Curr'!$H:$AD,13,FALSE),"") -> 0 | C88: =IFERROR(VLOOKUP($H88,'QB Inv Curr'!$H:$AE,23,FALSE),"") -> 0 | D88: =IFERROR(VLOOKUP($H88,'QB Inv Curr'!$H:$AL,29,FALSE),"") -> 0 | E88: =IFERROR(SUM(B88/D88),"") | F88: =IFERROR(SUM(D88*12),"") -> 0 | G88: RG04-010 | H88: 11-130 | J88: GENUINE AXLETEK Dust Cap, replacement rubber plug for lubed caps. | K88: 810797031541 | L88: 1 | Q88: =SUM(N89:N93) -> #N/A | R88: 3.5475 | S88: 6.99 | W88: =Q88*2 -> #N/A | X88: =SUM(W88-Q88)/W88 -> #N/A | Y88: 6.99 | Z88: =SUM(Y88-W88)/Y88 -> #N/A | AA88: 5.19 | AB88: =SUM(AA88-Q88)/AA88 -> #N/A | AC88: https://www.etrailer.com/Accessories-and-Parts/TruRyde/RG04-010.html
A89: 11-131 | B89: =IFERROR(VLOOKUP($H89,'QB Inv Curr'!$H:$AD,13,FALSE),"") -> 500 | C89: =IFERROR(VLOOKUP($H89,'QB Inv Curr'!$H:$AE,23,FALSE),"") -> 0 | D89: =IFERROR(VLOOKUP($H89,'QB Inv Curr'!$H:$AL,29,FALSE),"") -> 0 | E89: =IFERROR(SUM(B89/D89),"") | F89: =IFERROR(SUM(D89*12),"") -> 0 | H89: 11-131 | I89: 2) Rubber plus for grease cap (AL02000083) - Rubber Plug (A085-001-00) | L89: 2 | M89: =VLOOKUP(H89,Inventory!A:L,12,FALSE) -> 0.11 | N89: =SUM(M89*1.42)*L89 -> 0.3124 | AA89: 7.95 | AC89: https://www.lippert.com/lippert-universal-rubber-insert-for-axle-hub-dust-cap-2000-8000-lb-axlesretail-packaging-2023134012-2023134012?queryID=6b257aa986c67c96467dbd7de8170a80&objectID=24784&indexName=gwp_d2c_prod_lippert_products
A90: 2023134012 | B90: =IFERROR(VLOOKUP($H90,'QB Inv Curr'!$H:$AD,13,FALSE),"") -> 880 | C90: =IFERROR(VLOOKUP($H90,'QB Inv Curr'!$H:$AE,23,FALSE),"") -> 0 | D90: =IFERROR(VLOOKUP($H90,'QB Inv Curr'!$H:$AL,29,FALSE),"") -> 0 | E90: =IFERROR(SUM(B90/D90),"") | F90: =IFERROR(SUM(D90*12),"") -> 0 | H90: 206TF | I90: Clam | L90: 1 | M90: =VLOOKUP(H90,Inventory!A:L,12,FALSE) -> 0.6 | N90: =M90*L90 -> 0.6
B91: =IFERROR(VLOOKUP($H91,'QB Inv Curr'!$H:$AD,13,FALSE),"") -> 250 | C91: =IFERROR(VLOOKUP($H91,'QB Inv Curr'!$H:$AE,23,FALSE),"") -> 0 | D91: =IFERROR(VLOOKUP($H91,'QB Inv Curr'!$H:$AL,29,FALSE),"") -> 0 | E91: =IFERROR(SUM(B91/D91),"") | F91: =IFERROR(SUM(D91*12),"") -> 0 | H91: Z-11-130 | I91: Label206 | L91: 1 | M91: =VLOOKUP(H91,Inventory!A:L,12,FALSE) -> #N/A | N91: =M91*L91 -> #N/A
B92: =IFERROR(VLOOKUP($H92,'QB Inv Curr'!$H:$AD,13,FALSE),"") | C92: =IFERROR(VLOOKUP($H92,'QB Inv Curr'!$H:$AE,23,FALSE),"") | D92: =IFERROR(VLOOKUP($H92,'QB Inv Curr'!$H:$AL,29,FALSE),"") | E92: =IFERROR(SUM(B92/D92),"") | F92: =IFERROR(SUM(D92*12),"") | H92: LABOR75 | I92: Labor | L92: 1 | M92: =VLOOKUP(H92,Inventory!A:L,12,FALSE) -> 0.75 | N92: =M92*L92 -> 0.75
B93: =IFERROR(VLOOKUP($H93,'QB Inv Curr'!$H:$AD,13,FALSE),"") | C93: =IFERROR(VLOOKUP($H93,'QB Inv Curr'!$H:$AE,23,FALSE),"") | D93: =IFERROR(VLOOKUP($H93,'QB Inv Curr'!$H:$AL,29,FALSE),"") | E93: =IFERROR(SUM(B93/D93),"") | F93: =IFERROR(SUM(D93*12),"") | I93: Box | L93: 0.25 | M93: 0.9 | N93: =M93*L93 -> 0.225
B94: =IFERROR(VLOOKUP($H94,'QB Inv Curr'!$H:$AD,13,FALSE),"") | C94: =IFERROR(VLOOKUP($H94,'QB Inv Curr'!$H:$AE,23,FALSE),"") | D94: =IFERROR(VLOOKUP($H94,'QB Inv Curr'!$H:$AL,29,FALSE),"") | E94: =IFERROR(SUM(B94/D94),"") | F94: =IFERROR(SUM(D94*12),"")
A95: 11-115 | B95: =IFERROR(VLOOKUP($H95,'QB Inv Curr'!$H:$AD,13,FALSE),"") -> 33 | C95: =IFERROR(VLOOKUP($H95,'QB Inv Curr'!$H:$AE,23,FALSE),"") -> 0 | D95: =IFERROR(VLOOKUP($H95,'QB Inv Curr'!$H:$AL,29,FALSE),"") -> 0 | E95: =IFERROR(SUM(B95/D95),"") | F95: =IFERROR(SUM(D95*12),"") -> 0 | G95: RG04-020 | H95: 11-115 | J95: GENUINE AXLETEK Dust Cap, 1.99 for 2-3.5K axle. Includes plug. | K95: 810797031510 | L95: 1 | Q95: =SUM(N96:N100) -> #N/A | R95: 4.1415 | S95: 8.99 | T95: 107524499 | U95: 29.99 | W95: =Q95*2 -> #N/A | X95: =SUM(W95-Q95)/W95 -> #N/A | Y95: 6.99 | Z95: =SUM(Y95-W95)/Y95 -> #N/A | AA95: 6.94 | AB95: =SUM(AA95-Q95)/AA95 -> #N/A | AC95: https://www.etrailer.com/Trailer-Bearings-Races-Seals-Caps/TruRyde/RG04-020.html
A96: 11-116 | B96: =IFERROR(VLOOKUP($H96,'QB Inv Curr'!$H:$AD,13,FALSE),"") -> 234 | C96: =IFERROR(VLOOKUP($H96,'QB Inv Curr'!$H:$AE,23,FALSE),"") -> 396 | D96: =IFERROR(VLOOKUP($H96,'QB Inv Curr'!$H:$AL,29,FALSE),"") -> 0 | E96: =IFERROR(SUM(B96/D96),"") | F96: =IFERROR(SUM(D96*12),"") -> 0 | H96: 11-116 | I96: 2) Grease Cap 1.98 (GC545) | L96: 2 | M96: 0.28 | N96: =SUM(M96*1.42)*L96 -> 0.7952 | AA96: 7.95 | AC96: https://www.lippert.com/lippert-dust-cap-2000-3500-lb-axles-pack-of-2-2023134658-2023134658?queryID=fa53e8e09ea56ed6bf29f48c3cdf0517&objectID=23900&indexName=gwp_d2c_prod_lippert_products
A97: 2023134658 | B97: =IFERROR(VLOOKUP($H97,'QB Inv Curr'!$H:$AD,13,FALSE),"") -> 1017 | C97: =IFERROR(VLOOKUP($H97,'QB Inv Curr'!$H:$AE,23,FALSE),"") -> 0 | D97: =IFERROR(VLOOKUP($H97,'QB Inv Curr'!$H:$AL,29,FALSE),"") -> 0 | E97: =IFERROR(SUM(B97/D97),"") | F97: =IFERROR(SUM(D97*12),"") -> 0 | H97: 409TF | I97: Clam | L97: 1 | M97: =VLOOKUP(H97,Inventory!A:L,12,FALSE) -> 0.72 | N97: =M97*L97 -> 0.72
B98: =IFERROR(VLOOKUP($H98,'QB Inv Curr'!$H:$AD,13,FALSE),"") -> 217 | C98: =IFERROR(VLOOKUP($H98,'QB Inv Curr'!$H:$AE,23,FALSE),"") -> 0 | D98: =IFERROR(VLOOKUP($H98,'QB Inv Curr'!$H:$AL,29,FALSE),"") -> 0 | E98: =IFERROR(SUM(B98/D98),"") | F98: =IFERROR(SUM(D98*12),"") -> 0 | H98: Z-11-115 | I98: Label409 | L98: 1 | M98: =VLOOKUP(H98,Inventory!A:L,12,FALSE) -> #N/A | N98: =M98*L98 -> #N/A
B99: =IFERROR(VLOOKUP($H99,'QB Inv Curr'!$H:$AD,13,FALSE),"") | C99: =IFERROR(VLOOKUP($H99,'QB Inv Curr'!$H:$AE,23,FALSE),"") | D99: =IFERROR(VLOOKUP($H99,'QB Inv Curr'!$H:$AL,29,FALSE),"") | E99: =IFERROR(SUM(B99/D99),"") | F99: =IFERROR(SUM(D99*12),"") | H99: LABOR75 | I99: Labor | L99: 1 | M99: =VLOOKUP(H99,Inventory!A:L,12,FALSE) -> 0.75 | N99: =M99*L99 -> 0.75
B100: =IFERROR(VLOOKUP($H100,'QB Inv Curr'!$H:$AD,13,FALSE),"") | C100: =IFERROR(VLOOKUP($H100,'QB Inv Curr'!$H:$AE,23,FALSE),"") | D100: =IFERROR(VLOOKUP($H100,'QB Inv Curr'!$H:$AL,29,FALSE),"") | E100: =IFERROR(SUM(B100/D100),"") | F100: =IFERROR(SUM(D100*12),"") | I100: Box | L100: 0.25 | M100: 0.9 | N100: =M100*L100 -> 0.225
...

Sheet Sheet1
A1: Seq | B1: Former AxleTek # Listed for Reference | C1: Item # | D1: Parts Included in Kit | H1: Item #
A2: 280 | C2: 02420 | D2: 1) Outer Race (02420) | H2: 206LABEL
A3: 293 | C3: 02420 | D3: 1) Outer Race (02420) | H3: 277LABEL
A4: 279 | C4: 02475 | D4: 1) Outer Bearing (02475) | H4: 409LABEL
A5: 292 | C5: 02475 | D5: 1) Outer Bearing (02475) | H5: 206TF
A6: 65 | B6: RG04-040 | C6: 11-100 | H6: 277TF
A7: 66 | C7: 11-101 | D7: 2) Grease Cap 1.98 Lubed, w/ plug (GC545EZ) | H7: 409TF
A8: 624 | C8: 11-101 | D8: 1) Grease Cap (A021-041-01) | H8: LABOR75 | R8: 46101 | S8: 46072 | T8: 46031 | U8: 46269 | V8: 45974
A9: 637 | C9: 11-101 | D9: 1) Grease Cap (A021-041-01) | H9: z-11-105 | I9: 5.75" x 4.343" | J9: 18300 | K9: 0.306 | R9: 18565 | S9: 18497 | T9: 18403 | U9: 18120 | V9: 18300 | W9: Avg Cost By Size | X9: Avg Cost Total
A10: 650 | C10: 11-101 | D10: 1) Grease Cap (A021-041-01) | H10: Z-11-110 | I10: 5.75" x 4.343" | J10: 18300 | K10: 0.306 | L10: 409TF | M10: 4.3675" x 7.1175" | N10: 250 | O10: 16 | P10: =SUM(O10*N10) -> 4000 | Q10: =SUM(R10:V10) -> 1360.5 | U10: 1282.5 | V10: 78 | W10: =SUM(Q10/P10) -> 0.340125 | Y10: =$X$16-W10 -> -0.0042160569
A11: 664 | C11: 11-101 | D11: 1) Grease Cap (A021-041-01) | H11: Z-11-115 | I11: 5.75" x 4.343" | J11: 18300 | K11: 0.306 | M11: 6.437" x 3.140" | N11: 250 | O11: 49 | P11: =SUM(O11*N11) -> 12250 | Q11: =SUM(R11:V11) -> 3720.5 | R11: 1071 | S11: 1071 | T11: 1071 | V11: 507.5 | W11: =SUM(Q11/P11) -> 0.30371429 | Y11: =$X$16-W11 -> 0.032194657
A12: 678 | C12: 11-101 | D12: 1) Grease Cap (A021-041-01) | H12: Z-11-120 | I12: 5.75" x 4.343" | J12: 18300 | K12: 0.306 | L12: 277TF | M12: 7.125" x 4.343" | N12: 250 | O12: 9 | P12: =SUM(O12*N12) -> 2250 | Q12: =SUM(R12:V12) -> 945 | R12: 315 | S12: 315 | T12: 315 | W12: =SUM(Q12/P12) -> 0.42 | Y12: =$X$16-W12 -> -0.084091057
A13: 692 | C13: 11-101 | D13: 1) Grease Cap (A021-041-01) | H13: Z-11-125 | I13: 5.75" x 4.343" | J13: 18300 | K13: 0.306 | L13: 206TF | M13: 5.75" x 4.343" | N13: 250 | O13: 18 | P13: =SUM(O13*N13) -> 4500 | Q13: =SUM(R13:V13) -> 1950 | R13: 513 | S13: 513 | T13: 513 | V13: 411 | W13: =SUM(Q13/P13) -> 0.43333333 | Y13: =$X$16-W13 -> -0.09742439
A14: 706 | C14: 11-101 | D14: 1) Grease Cap (A021-041-01) | H14: Z-11-130 | I14: 4.3675" x 7.1175" | J14: 18300 | K14: 0.342 | L14: Label | M14: 3.1175" x 6.4775" | N14: 250 | O14: 25 | P14: =SUM(O14*N14) -> 6250 | Q14: =SUM(R14:V14) -> 1912.5 | U14: 1912.5 | W14: =SUM(Q14/P14) -> 0.306 | Y14: =$X$16-W14 -> 0.029908943
A15: 720 | C15: 11-101 | D15: 1) Grease Cap (A021-041-01) | H15: Z-11-200 | I15: 6.437" x 3.140" | J15: 18300 | K15: 0.306 | L15: No Name | M15: 4.3575" x 5.7885" | N15: 250 | O15: 6 | P15: =SUM(O15*N15) -> 1500 | Q15: =SUM(R15:V15) -> 440.7 | U15: 440.7 | W15: =SUM(Q15/P15) -> 0.2938 | Y15: =$X$16-W15 -> 0.042108943
A16: 775 | C16: 11-101 | D16: 1) Grease Cap (A021-041-01) | H16: Z-11-205 | I16: 6.437" x 3.140" | J16: 18300 | K16: 0.306 | O16: =SUM(O10:O15) -> 123 | P16: =SUM(P10:P15) -> 30750 | Q16: =SUM(Q10:Q15) -> 10329.2 | X16: =SUM(Q16/P16) -> 0.33590894
A17: 788 | C17: 11-101 | D17: 1) Grease Cap (A021-041-01) | H17: Z-11-210 | I17: 6.437" x 3.140" | J17: 18300 | K17: 0.306
A18: 801 | C18: 11-101 | D18: 1) Grease Cap (A021-041-01) | H18: Z-11-225 | I18: 6.437" x 3.140" | J18: 18300 | K18: 0.306
A19: 814 | C19: 11-101 | D19: 1) Grease Cap (A021-041-01) | H19: Z-11-226 | I19: 6.437" x 3.140" | J19: 18300 | K19: 0.306
A20: 827 | C20: 11-101 | D20: 1) Grease Cap (A021-041-01) | H20: Z-11-227 | I20: 6.437" x 3.140" | J20: 18300 | K20: 0.306 | M20: PO 25-12001A | N20: 250 | O20: 37
A21: 840 | C21: 11-101 | D21: 1) Grease Cap (A021-041-01) | H21: z-11-300 | I21: 6.437" x 3.140" | J21: 18300 | K21: 0.306 | M21: PO 25-12001B | N21: 250 | O21: 15
A22: 853 | C22: 11-101 | D22: 1) Grease Cap (A021-041-01) | H22: Z-11-305 | I22: 7.125" x 4.343" | J22: 18565 | K22: 0.42 | S22: =SUM(S23:S27) -> 57
A23: 866 | C23: 11-101 | D23: 1) Grease Cap (A021-041-01) | H23: Z-11-307 | I23: 7.125" x 4.343" | J23: 18565 | K23: 0.42 | R23: 206TF | S23: 18
A24: 879 | C24: 11-101 | D24: 1) Grease Cap (A021-041-01) | H24: Z-11-310 | I24: 7.125" x 4.343" | J24: 18565 | K24: 0.42 | R24: 409TF | S24: 15
A25: 893 | C25: 11-101 | D25: 1) Grease Cap (A021-041-01) | H25: Z-11-315 | I25: 6.437" x 3.140" | J25: 18565 | K25: 0.306 | R25: Label | S25: 13
A26: 907 | C26: 11-101 | D26: 1) Grease Cap (A021-041-01) | H26: Z-11-400 | I26: 6.437" x 3.140" | J26: 18565 | K26: 0.306 | R26: 277TF | S26: 5
A27: 921 | C27: 11-101 | D27: 1) Grease Cap (A021-041-01) | H27: Z-11-500 | I27: 6.437" x 3.140" | J27: 18565 | K27: 0.306 | R27: No Name | S27: 6
A28: 935 | C28: 11-101 | D28: 1) Grease Cap (A021-041-01) | H28: Z-11-505 | I28: 6.437" x 3.140" | J28: 18565 | K28: 0.306
A29: 949 | C29: 11-101 | D29: 1) Grease Cap (A021-041-01) | H29: Z-11-510 | I29: 6.437" x 3.140" | J29: 18565 | K29: 0.306
A30: 963 | C30: 11-101 | D30: 1) Grease Cap (A021-041-01) | H30: Z-11-515 | I30: 6.437" x 3.140" | J30: 18565 | K30: 0.306
A31: 72 | B31: RG04-080 | C31: 11-105 | H31: Z-11-525 | I31: 6.437" x 3.140" | J31: 18565 | K31: 0.306
A32: 73 | C32: 11-106 | D32: 2) Grease Cap 2.44" Lubed, w/ plug (GC655EZ) | H32: Z-11-535 | I32: 6.437" x 3.140" | J32: 18565 | K32: 0.306
A33: 734 | C33: 11-106 | D33: 1) Grease Cap (A021-042-01) | H33: Z-11-540 | I33: 6.437" x 3.140" | J33: 18565 | K33: 0.306
A34: 977 | C34: 11-106 | D34: 1) Grease Cap (A021-042-01) | H34: Z-11-545 | I34: 6.437" x 3.140" | J34: 18565 | K34: 0.306
A35: 79 | B35: RG04-120 | C35: 11-110 | H35: Z-11-550 | I35: 6.437" x 3.140" | J35: 18565 | K35: 0.306
A36: 80 | C36: 11-111 | D36: 2) Grease Cap 2.72" Lubed, w/ plug (GC865EZ) | H36: Z-11-555 | I36: 6.437" x 3.140" | J36: 18565 | K36: 0.306
A37: 748 | C37: 11-111 | D37: 1) Grease Cap (A021-043-01) | I37: 6.437" x 3.140" | J37: 18565 | K37: 0.306
A38: 762 | C38: 11-111 | D38: 1) Grease Cap (A021-043-01) | I38: 6.437" x 3.140" | J38: 18565 | K38: 0.306
A39: 991 | C39: 11-111 | D39: 1) Grease Cap (A021-043-01) | I39: 5.75" x 4.343" | J39: 18565 | K39: 0.342 | L39: 250
A40: 1005 | C40: 11-111 | D40: 1) Grease Cap (A021-043-01) | I40: 5.75" x 4.343" | J40: 18565 | K40: 0.342
A41: 93 | B41: RG04-020 | C41: 11-115 | I41: 5.75" x 4.343" | J41: 18565 | K41: 0.342
A42: 94 | C42: 11-116 | D42: 2) Grease Cap 1.98 (GC545) | I42: 5.75" x 4.343" | J42: 18565 | K42: 0.342
A43: 100 | B43: RG04-060 | C43: 11-120 | I43: 5.75" x 4.343" | J43: 18565 | K43: 0.342
A44: 101 | C44: 11-121 | D44: 2) Grease Cap 2.44" (GC655) | I44: 5.75" x 4.343" | J44: 18565 | K44: 0.342
A45: 107 | B45: RG04-100 | C45: 11-125
A46: 108 | C46: 11-126 | D46: 2) Grease Cap 2.72" (GC865)
A47: 86 | B47: RG04-010 | C47: 11-130
A48: 87 | C48: 11-131 | D48: 2) Rubber plus for grease cap (AL02000083) - Rubber Plug (A085-001-00)
A49: 625 | C49: 11-131 | D49: 1) Rubber Plug (A085-001-00)
A50: 638 | C50: 11-131 | D50: 1) Rubber Plug (A085-001-00)
A51: 651 | C51: 11-131 | D51: 1) Rubber Plug (A085-001-00)
A52: 665 | C52: 11-131 | D52: 1) Rubber Plug (A085-001-00)
A53: 679 | C53: 11-131 | D53: 1) Rubber Plug (A085-001-00)
A54: 693 | C54: 11-131 | D54: 1) Rubber Plug (A085-001-00)
A55: 707 | C55: 11-131 | D55: 1) Rubber Plug (A085-001-00)
A56: 721 | C56: 11-131 | D56: 1) Rubber Plug (A085-001-00)
A57: 735 | C57: 11-131 | D57: 1) Rubber Plug (A085-001-00)
A58: 749 | C58: 11-131 | D58: 1) Rubber Plug (A085-001-00)
A59: 763 | C59: 11-131 | D59: 1) Rubber Plug (A085-001-00)
... A77: 1006 | C77: 11-131 | D77: 1) Rubber Plug (A085-001-00)
A78: 114 | B78: RG04-230 | C78: 11-200
A79: 115 | C79: 11-201 | D79: 2) Oil Cap for BD-86580 Hub (AL02000163)
A80: 136 | C80: 11-202 | D80: Oil Cap 2.875" Aluminum
A81: 121 | C81: 11-205
A82: 122 | C82: 11-206 | D82: 2) Oil Cap for 8-430 Hub (AL02000112)
A83: 143 | C83: 11-207 | D83: Oil Cap 3.50" Aluminum
A84: 128 | C84: 11-210
A85: 129 | B85: 11-209 | C85: 11-211 | D85: 2) Oil Cap for BD-86512 Hub (AL02000113)
A86: 150 | C86: 11-213 | D86: Oil Cap 4.00" Aluminum
A87: 135 | B87: NEW | C87: 11-225
A88: 142 | B88: NEW | C88: 11-226
A89: 149 | B89: NEW | C89: 11-227
A90: 156 | B90: RG05-080 | C90: 11-300
A91: 157 | B91: 2023134656 | C91: 11-301 | D91: 2) Nut, Slotted (A00617600)
A92: 165 | B92: RG05-060 | C92: 11-305
A93: 174 | B93: RG05-100 | C93: 11-307
A94: 183 | B94: WK-10K | C94: 11-310
A95: 184 | B95: 2023134021 | C95: 11-311 | D95: 1) Spindle Nut 1-1/2"-12 (AL05000001)
A96: 192 | B96: WK-12K | C96: 11-315
A97: 193 | B97: 2023134022 | C97: 11-316 | D97: 1) Spindle Nut 1-3/4"-12 (AL05000021)
A98: 168 | C98: 11-350 | D98: 2) Tang Washer (A00510100)
A99: 206 | C99: 11-350 | D99: 1) Tang Washer (A00510100)
A100: 217 | C100: 11-350 | D100: 1) Tang Washer (A00510100)
A101: 230 | C101: 11-350 | D101: 1) Tang Washer (A00510100)
A102: 243 | C102: 11-350 | D102: 1) Tang Washer (A00510100)
A103: 257 | C103: 11-350 | D103: 1) Tang Washer (A00510100)
A104: 270 | C104: 11-350 | D104: 1) Tang Washer (A00510100)
A105: 283 | C105: 11-350 | D105: 1) Tang Washer (A00510100)
A106: 296 | C106: 11-350 | D106: 1) Tang Washer (A00510100)
A107: 630 | B107: ADD | C107: 11-350 | D107: 1) Tang Washer (A00510100)
A108: 643 | B108: ADD | C108: 11-350 | D108: 1) Tang Washer (A00510100)
A109: 656 | B109: ADD | C109: 11-350 | D109: 1) Tang Washer (A00510100)
A110: 670 | B110: ADD | C110: 11-350 | D110: 1) Tang Washer (A00510100)
A111: 684 | B111: ADD | C111: 11-350 | D111: 1) Tang Washer (A00510100)
A112: 698 | B112: ADD | C112: 11-350 | D112: 1) Tang Washer (A00510100)
A113: 712 | B113: ADD | C113: 11-350 | D113: 1) Tang Washer (A00510100)
A114: 726 | B114: ADD | C114: 11-350 | D114: 1) Tang Washer (A00510100)
A115: 740 | B115: ADD | C115: 11-350 | D115: 1) Tang Washer (A00510100)
A116: 754 | B116: ADD | C116: 11-350 | D116: 1) Tang Washer (A00510100)
A117: 768 | B117: ADD | C117: 11-350 | D117: 1) Tang Washer (A00510100)
...

Sheet QB Inv Curr
F1: Category | G1: As Of: | H1: Item | J1: Item Description | L1: Pref Vendor | N1: U/M | P1: Reorder Pt (Min) | R1: Max | T1: On Hand | V1: On Sales Order | X1: For Assemblies | Z1: Available | AB1: Order | AD1: On PO | AF1: Reorder Qty | AH1: Next Deliv | AJ1: Sales/Week
B2: Actuation | G2: 10/16/2025
C3: Inventory | G3: 1214PM CST
D4: 10-900 (Breakaway Kit w/ LED Test Light, Side Load, Includes Battery Box, Battery... | F4: Actuation | H4: 10-900 | J4: Breakaway Kit w/ LED Test Light, Side Load, Includes Battery Box, Battery, Switch, Charger and W... | P4: 432 | R4: 2520 | T4: 2400 | V4: 0 | X4: 0 | Z4: 2400 | AD4: 0 | AF4: 0 | AJ4: 18.3
D5: 10-910 (Breakaway Switch) | F5: Actuation | H5: 10-910 | J5: Breakaway Switch | P5: 10 | R5: 100 | T5: 80 | V5: 0 | X5: 0 | Z5: 80 | AD5: 0 | AF5: 0 | AJ5: 3
D6: 10-911 (Breakaway Replacement Pin & Cable.) | F6: Actuation | H6: 10-911 | J6: Breakaway Replacement Pin & Cable. | P6: 10 | R6: 100 | T6: 100 | V6: 0 | X6: 0 | Z6: 100 | AD6: 0 | AF6: 0 | AJ6: 0
D7: 10-980 (Breakaway Battery (12v 5A)) | F7: Actuation | H7: 10-980 | J7: Breakaway Battery (12v 5A) | P7: 2 | R7: 20 | T7: 10 | V7: 0 | X7: 0 | Z7: 10 | AD7: 0 | AF7: 0 | AJ7: 0
C8: Total Inventory | T8: 2590 | V8: 0 | X8: 0 | Z8: 2590 | AD8: 0 | AJ8: 21.3
B9: Total Actuation | T9: 2590 | V9: 0 | X9: 0 | Z9: 2590 | AD9: 0 | AJ9: 21.3
B10: Axle Components
C11: Bearings
D12: Inventory
E13: 02475 (Bearing, 8K Outer - 02475) | F13: Axle Components:Bearings | H13: 02475 | J13: Bearing, 8K Outer - 02475 | T13: 460 | V13: 0 | X13: 0 | Z13: 460 | AD13: 228 | AF13: 0 | AH13: 46031 | AJ13: 0
E14: 14125A (Bearing, 7K Outer - 14125A) | F14: Axle Components:Bearings | H14: 14125A | J14: Bearing, 7K Outer - 14125A | T14: 448 | V14: 1 | X14: 0 | Z14: 447 | AD14: 448 | AF14: 0 | AH14: 46031 | AJ14: 0
E15: 15123 (Bearing, 6K Outer -15123) | F15: Axle Components:Bearings | H15: 15123 | J15: Bearing, 6K Outer -15123 | T15: 560 | V15: 0 | X15: 0 | Z15: 560 | AD15: 280 | AF15: 0 | AH15: 46031 | AJ15: 0
E16: 25580 (Bearing, 6-8K Inner, 9-10K GD Outer - 25580) | F16: Axle Components:Bearings | H16: 25580 | J16: Bearing, 6-8K Inner, 9-10K GD Outer - 25580 | T16: 952 | V16: 1 | X16: 0 | Z16: 951 | AD16: 1440 | AF16: 0 | AH16: 46031 | AJ16: 1.2
E17: 28682 (Bearing, 12K Outer - 28682) | F17: Axle Components:Bearings | H17: 28682 | J17: Bearing, 12K Outer - 28682 | T17: 78 | V17: 0 | X17: 0 | Z17: 78 | AD17: 336 | AF17: 0 | AH17: 45995 | AJ17: 13.7
E18: 387A (Bearing, 9-10KGD Inner 10K Outer on DX hubs - 387A) | F18: Axle Components:Bearings | H18: 387A | J18: Bearing, 9-10KGD Inner 10K Outer on DX hubs - 387A | T18: 384 | V18: 0 | X18: 0 | Z18: 384 | AD18: 192 | AF18: 0 | AH18: 46031 | AJ18: 1.2
E19: 395S (Bearing, 10K HD Inner - 395S) | F19: Axle Components:Bearings | H19: 395S | J19: Bearing, 10K HD Inner - 395S | T19: 175 | V19: 0 | X19: 0 | Z19: 175 | AD19: 105 | AF19: 0 | AH19: 46031 | AJ19: 0
E20: 3984 (Bearing, 12K Inner - 3984) | F20: Axle Components:Bearings | H20: 3984 | J20: Bearing, 12K Inner - 3984 | T20: 120 | V20: 0 | X20: 0 | Z20: 120 | AD20: 120 | AF20: 0 | AH20: 46031 | AJ20: 0
E21: L44643 (Bearing, 2K Inner/Outer - L44643) | F21: Axle Components:Bearings | H21: L44643 | J21: Bearing, 2K Inner/Outer - L44643 | T21: 500 | V21: 0 | X21: 0 | Z21: 500 | AD21: 1080 | AF21: 0 | AH21: 46031 | AJ21: 0
E22: L44649 (Bearing, 3.5K Outer - L44649) | F22: Axle Components:Bearings | H22: L44649 | J22: Bearing, 3.5K Outer - L44649 | T22: 1190 | V22: 1 | X22: 0 | Z22: 1189 | AD22: 1080 | AF22: 0 | AH22: 46031 | AJ22: 0
E23: L68149 (Bearing, 3.5K Inner - L68149) | F23: Axle Components:Bearings | H23: L68149 | J23: Bearing, 3.5K Inner - L68149 | T23: 984 | V23: 1 | X23: 0 | Z23: 983 | AD23: 1728 | AF23: 0 | AH23: 46031 | AJ23: 0
E24: LM67048 (Bearing, 5.2K Outer - LM67048) | F24: Axle Components:Bearings | H24: LM67048 | J24: Bearing, 5.2K Outer - LM67048 | T24: 192 | V24: 0 | X24: 0 | Z24: 192 | AD24: 192 | AF24: 0 | AH24: 46031 | AJ24: 0
D25: Total Inventory | T25: 6043 | V25: 4 | X25: 0 | Z25: 6039 | AD25: 7229 | AJ25: 16.1
C26: Total Bearings | T26: 6043 | V26: 4 | X26: 0 | Z26: 6039 | AD26: 7229 | AJ26: 16.1
C27: Bearings - Kit
D28: Assembly
E29: 11-500 (Bearing Kit 2K BT8 Kit - L44643 Bearing & 1.249" Seal I.D. GENUINE AXLETEK) | F29: Axle Components:Bearings - Kit | H29: 11-500 | J29: Bearing Kit 2K BT8 Kit - L44643 Bearing & 1.249" Seal I.D. GENUINE AXLETEK | T29: 0 | V29: 12 | X29: 0 | Z29: -12 | AD29: 0 | AF29: 0 | AJ29: 0
E30: 11-505 (Bearing Kit 2K BTR Kit - L44649 Bearing & 1.500" Seal I.D. GENUINE AXLETEK) | F30: Axle Components:Bearings - Kit | H30: 11-505 | J30: Bearing Kit 2K BTR Kit - L44649 Bearing & 1.500" Seal I.D. GENUINE AXLETEK | T30: 0 | V30: 12 | X30: 0 | Z30: -12 | AD30: 0 | AF30: 0 | AJ30: 0
E31: 11-510 (Bearing Kit 3.5K Kit - L68149 Inner / L44649 Outer GENUINE AXLETEK Bearin... | F31: Axle Components:Bearings - Kit | H31: 11-510 | J31: Bearing Kit 3.5K Kit - L68149 Inner / L44649 Outer GENUINE AXLETEK Bearing & 1.719" Seal I.D. G... | T31: 0 | V31: 13 | X31: 0 | Z31: -13 | AD31: 0 | AF31: 0 | AJ31: 0
E32: 11-515 (Bearing Kit 5.2K Kit - 25580 Inner / LM67048 Outer Bearing & 2.250" Seal... | F32: Axle Components:Bearings - Kit | H32: 11-515 | J32: Bearing Kit 5.2K Kit - 25580 Inner / LM67048 Outer Bearing & 2.250" Seal I.D. GENUINE AXLETEK | T32: 0 | V32: 12 | X32: 0 | Z32: -12 | AD32: 0 | AF32: 0 | AJ32: 0
E33: 11-520 (Bearing Kit 5.2-6K Kit - 25580 Inner/ 15123 Outer Bearing & 2.125" Seal ... | F33: Axle Components:Bearings - Kit | H33: 11-520 | J33: Bearing Kit 5.2-6K Kit - 25580 Inner/ 15123 Outer Bearing & 2.125" Seal I.D. GENUINE AXLETEK | T33: 0 | V33: 0 | X33: 0 | Z33: 0 | AD33: 0 | AF33: 0 | AJ33: 0
E34: 11-525 (Bearing Kit 6K Kit - 25580 Inner / 15123 Outer Bearing & 2.250" Seal I.D... | F34: Axle Components:Bearings - Kit | H34: 11-525 | J34: Bearing Kit 6K Kit - 25580 Inner / 15123 Outer Bearing & 2.250" Seal I.D. GENUINE AXLETEK | T34: 0 | V34: 12 | X34: 0 | Z34: -12 | AD34: 0 | AF34: 0 | AJ34: 0
E35: 11-530 (Bearing Kit 7K Kit - 25580 Inner / 14125A Outer Bearing & 2.125" Seal I.D... | F35: Axle Components:Bearings - Kit | H35: 11-530 | J35: Bearing Kit 7K Kit - 25580 Inner / 14125A Outer Bearing & 2.125" Seal I.D. GENUINE AXLETEK | T35: 0 | V35: 0 | X35: 0 | Z35: 0 | AD35: 0 | AF35: 0 | AJ35: 0
E36: 11-535 (Bearing Kit 7K Kit - 25580 Inner / 14125A Outer Bearing & 2.250" Seal I.D... | F36: Axle Components:Bearings - Kit | H36: 11-535 | J36: Bearing Kit 7K Kit - 25580 Inner / 14125A Outer Bearing & 2.250" Seal I.D. GENUINE AXLETEK | T36: 0 | V36: 13 | X36: 0 | Z36: -13 | AD36: 0 | AF36: 0 | AJ36: 0
E37: 11-540 (Bearing Kit 8K Kit - 25580 Inner / 02475 Outer Bearing & 2.250" Seal I.D.... | F37: Axle Components:Bearings - Kit | H37: 11-540 | J37: Bearing Kit 8K Kit - 25580 Inner / 02475 Outer Bearing & 2.250" Seal I.D. Grease - GENUINE AXLETEK | T37: 0 | V37: 12 | X37: 0 | Z37: -12 | AD37: 0 | AF37: 0 | AJ37: 0
E38: 11-545 (Bearing Kit 8K Kit - 25580 Inner / 02475 Outer Bearing & 2.250" Seal I.D.... | F38: Axle Components:Bearings - Kit | H38: 11-545 | J38: Bearing Kit 8K Kit - 25580 Inner / 02475 Outer Bearing & 2.250" Seal I.D. Oil - GENUINE AXLETEK | T38: 0 | V38: 0 | X38: 0 | Z38: 0 | AD38: 0 | AF38: 0 | AJ38: 0
E39: 11-550 (Bearing Kit 10K Kit - 387A Inner / 25580 Outer Bearing & 2.875" Seal I.D.... | F39: Axle Components:Bearings - Kit | H39: 11-550 | J39: Bearing Kit 10K Kit - 387A Inner / 25580 Outer Bearing & 2.875" Seal I.D. Oil - GENUINE AXLETEK | T39: 0 | V39: 0 | X39: 0 | Z39: 0 | AD39: 0 | AF39: 0 | AJ39: 0
E40: 11-555 (Bearing Kit 12K Kit - 3984 Inner / 28682 Outer Bearing & 3.125" Seal I.D.... | F40: Axle Components:Bearings - Kit | H40: 11-555 | J40: Bearing Kit 12K Kit - 3984 Inner / 28682 Outer Bearing & 3.125" Seal I.D. Oil - GENUINE AXLETEK | T40: 0 | V40: 0 | X40: 0 | Z40: 0 | AD40: 0 | AF40: 0 | AJ40: 0
D41: Total Assembly | T41: 0 | V41: 86 | X41: 0 | Z41: -86 | AD41: 0 | AJ41: 0
C42: Total Bearings - Kit | T42: 0 | V42: 86 | X42: 0 | Z42: -86 | AD42: 0 | AJ42: 0
C43: Boxed Kit - Pregreased Idler
D44: Inventory
E45: 17-310 (HUB 3.5K, 5-4.50 Pre-Greased Kit, L44649 / L68149 Bearings, 1.72" Seal, L... | F45: Axle Components:Boxed Kit - Pregreased Idler | H45: 17-310 | J45: HUB 3.5K, 5-4.50 Pre-Greased Kit, L44649 / L68149 Bearings, 1.72" Seal, Lube Dust Cap & Plug, Wh... | T45: 0 | V45: 0 | X45: 0 | Z45: 0 | AD45: 240 | AF45: 0 | AH45: 45929 | AJ45: 0
D46: Total Inventory | T46: 0 | V46: 0 | X46: 0 | Z46: 0 | AD46: 240 | AJ46: 0
C47: Total Boxed Kit - Pregreased Idler | T47: 0 | V47: 0 | X47: 0 | Z47: 0 | AD47: 240 | AJ47: 0
C48: Caps
D49: Inventory
E50: 11-101 (1.98" Lube type dust cap, rubber plug included) | F50: Axle Components:Caps | H50: 11-101 | J50: 1.98" Lube type dust cap, rubber plug included | T50: 590 | V50: 0 | X50: 0 | Z50: 590 | AD50: 650 | AF50: 0 | AH50: 45929 | AJ50: 0
E51: 11-106 (2.44" Lube type dust cap, rubber plug included) | F51: Axle Components:Caps | H51: 11-106 | J51: 2.44" Lube type dust cap, rubber plug included | T51: 390 | V51: 0 | X51: 0 | Z51: 390 | AD51: 450 | AF51: 0 | AH51: 45929 | AJ51: 0
E52: 11-111 (2.72" Lube type dust cap, rubber plug included) | F52: Axle Components:Caps | H52: 11-111 | J52: 2.72" Lube type dust cap, rubber plug included | T52: 340 | V52: 0 | X52: 0 | Z52: 340 | AD52: 400 | AF52: 0 | AH52: 45929 | AJ52: 0
E53: 11-116 (1.98" dust cap ) | F53: Axle Components:Caps | H53: 11-116 | J53: 1.98" dust cap | T53: 234 | V53: 0 | X53: 0 | Z53: 234 | AD53: 396 | AF53: 0 | AH53: 45929 | AJ53: 0
E54: 11-121 (2.44" dust cap) | F54: Axle Components:Caps | H54: 11-121 | J54: 2.44" dust cap | T54: 215 | V54: 0 | X54: 0 | Z54: 215 | AD54: 0 | AF54: 0 | AJ54: 0
E55: 11-126 (2.72" dust cap) | F55: Axle Components:Caps | H55: 11-126 | J55: 2.72" dust cap | T55: 190 | V55: 0 | X55: 0 | Z55: 190 | AD55: 0 | AF55: 0 | AJ55: 0
E56: 11-131 (Rubber plugs for grease caps) | F56: Axle Components:Caps | H56: 11-131 | J56: Rubber plugs for grease caps | T56: 500 | V56: 0 | X56: 0 | Z56: 500 | AD56: 0 | AF56: 0 | AJ56: 0
E57: 11-201 (Oil cap 8K 2-2/8" treads with rubber plug and rubber o-ring ) | F57: Axle Components:Caps | H57: 11-201 | J57: Oil cap 8K 2-2/8" treads with rubber plug and rubber o-ring | T57: 200 | V57: 0 | X57: 0 | Z57: 200 | AD57: 0 | AF57: 0 | AJ57: 0
E58: 11-203 (Oil cap O-Ring & Plug Replacement for 6-8K 2.875" Cap) | F58: Axle Components:Caps | H58: 11-203 | J58: Oil cap O-Ring & Plug Replacement for 6-8K 2.875" Cap | T58: 40 | V58: 10 | X58: 0 | Z58: 30 | AD58: 0 | AF58: 0 | AJ58: 0
E59: 11-206 (Oil cap for 10GD 3.5" threads w/ rubber plug and rubber o-ring) | F59: Axle Components:Caps | H59: 11-206 | J59: Oil cap for 10GD 3.5" threads w/ rubber plug and rubber o-ring | T59: 100 | V59: 0 | X59: 0 | Z59: 100 | AD59: 0 | AF59: 0 | AJ59: 0
E60: 11-208 (Oil cap O-Ring & Plug Replacement for 3.50" Cap) | F60: Axle Components:Caps | H60: 11-208 | J60: Oil cap O-Ring & Plug Replacement for 3.50" Cap | T60: 40 | V60: 10 | X60: 0 | Z60: 30 | AD60: 0 | AF60: 0 | AJ60: 0
E61: 11-209 (Oil cap for 10-16K Low Profile 4" threads w/ rubber plug and rubber o-ring) | F61: Axle Components:Caps | H61: 11-209 | J61: Oil cap for 10-16K Low Profile 4" threads w/ rubber plug and rubber o-ring | T61: 100 | V61: 0 | X61: 0 | Z61: 100 | AD61: 0 | AF61: 0 | AJ61: 0
E62: 11-211 (Oil cap for 10-16K 4" threads w/ rubber plug and rubber o-ring) | F62: Axle Components:Caps | H62: 11-211 | J62: Oil cap for 10-16K 4" threads w/ rubber plug and rubber o-ring | T62: 200 | V62: 0 | X62: 0 | Z62: 200 | AD62: 0 | AF62: 0 | AJ62: 0
E63: 11-215 (Oil cap O-Ring & Plug Replacement for 4.00" Cap) | F63: Axle Components:Caps | H63: 11-215 | J63: Oil cap O-Ring & Plug Replacement for 4.00" Cap | T63: 40 | V63: 10 | X63: 0 | Z63: 30 | AD63: 0 | AF63: 0 | AJ63: 0
D64: Total Inventory | T64: 3179 | V64: 30 | X64: 0 | Z64: 3149 | AD64: 1896 | AJ64: 0
C65: Total Caps | T65: 3179 | V65: 30 | X65: 0 | Z65: 3149 | AD65: 1896 | AJ65: 0
C66: Caps - Kit
D67: Inventory
E68: 11-202 (Oil cap KIT for 6-8K Hub ProAxle / DEXTER / LIPPERT, 2.875" Universal Th... | F68: Axle Components:Caps - Kit | H68: 11-202 | J68: Oil cap KIT for 6-8K Hub ProAxle / DEXTER / LIPPERT, 2.875" Universal Thread, Aluminum | T68: 50 | V68: 40 | X68: 0 | Z68: 10 | AD68: 100 | AF68: 0 | AH68: 45995 | AJ68: 0
E69: 11-207 (Oil cap KIT for 10K ProAxle / DEXTER 10KGD Hub, 3.50" Universal Thread, A... | F69: Axle Components:Caps - Kit | H69: 11-207 | J69: Oil cap KIT for 10K ProAxle / DEXTER 10KGD Hub, 3.50" Universal Thread, Aluminum | T69: 200 | V69: 100 | X69: 0 | Z69: 100 | AD69: 500 | AF69: 0 | AH69: 45995 | AJ69: 0
E70: 11-213 (Oil cap KIT for 10-16K ProAxle / DEXTER Hub, 4.00" Universal Thread, Alu... | F70: Axle Components:Caps - Kit | H70: 11-213 | J70: Oil cap KIT for 10-16K ProAxle / DEXTER Hub, 4.00" Universal Thread, Aluminum | T70: 100 | V70: 70 | X70: 0 | Z70: 30 | AD70: 100 | AF70: 0 | AH70: 45995 | AJ70: 0
E71: 11-214 (Oil cap KIT for 9-16K ALKO Hub, 3.75" Universal Thread, Aluminum) | F71: Axle Components:Caps - Kit | H71: 11-214 | J71: Oil cap KIT for 9-16K ALKO Hub, 3.75" Universal Thread, Aluminum | T71: 0 | V71: 0 | X71: 0 | Z71: 0 | AD71: 0 | AF71: 0 | AJ71: 0
D72: Total Inventory | T72: 350 | V72: 210 | X72: 0 | Z72: 140 | AD72: 700 | AJ72: 0
D73: Assembly
E74: 11-100 (Dust Cap, Lubed 1.99 for 2-3.5K axle. Includes plug. GENUINE AXLETEK) | F74: Axle Components:Caps - Kit | H74: 11-100 | J74: Dust Cap, Lubed 1.99 for 2-3.5K axle. Includes plug. GENUINE AXLETEK | T74: 30 | V74: 12 | X74: 0 | Z74: 18 | AD74: 0 | AF74: 0 | AJ74: 0
E75: 11-105 (Dust Cap, Lubed 2.44 for 5.2-6K axle. Includes plug. GENUINE AXLETEK) | F75: Axle Components:Caps - Kit | H75: 11-105 | J75: Dust Cap, Lubed 2.44 for 5.2-6K axle. Includes plug. GENUINE AXLETEK | T75: 30 | V75: 12 | X75: 0 | Z75: 18 | AD75: 0 | AF75: 0 | AJ75: 0
E76: 11-110 (Dust Cap, Lubed 2.72 for 7-8K axle. Includes plug. GENUINE AXLETEK) | F76: Axle Components:Caps - Kit | H76: 11-110 | J76: Dust Cap, Lubed 2.72 for 7-8K axle. Includes plug. GENUINE AXLETEK | T76: 30 | V76: 12 | X76: 0 | Z76: 18 | AD76: 0 | AF76: 0 | AJ76: 0
E77: 11-115 (Dust Cap, 1.99 for 2-3.5K axle. GENUINE AXLETEK) | F77: Axle Components:Caps - Kit | H77: 11-115 | J77: Dust Cap, 1.99 for 2-3.5K axle. GENUINE AXLETEK | T77: 33 | V77: 12 | X77: 0 | Z77: 21 | AD77: 0 | AF77: 0 | AJ77: 0
E78: 11-120 (Dust Cap, 2.44 for 5.2-6K axle. GENUINE AXLETEK) | F78: Axle Components:Caps - Kit | H78: 11-120 | J78: Dust Cap, 2.44 for 5.2-6K axle. GENUINE AXLETEK | T78: 30 | V78: 12 | X78: 0 | Z78: 18 | AD78: 0 | AF78: 0 | AJ78: 0
E79: 11-125 (Dust Cap, 2.72 for 7-8K axle. GENUINE AXLETEK) | F79: Axle Components:Caps - Kit | H79: 11-125 | J79: Dust Cap, 2.72 for 7-8K axle. GENUINE AXLETEK | T79: 30 | V79: 12 | X79: 0 | Z79: 18 | AD79: 0 | AF79: 0 | AJ79: 0
E80: 11-130 (Dust Cap, replacement rubber plug. GENUINE AXLETEK) | F80: Axle Components:Caps - Kit | H80: 11-130 | J80: Dust Cap, replacement rubber plug. GENUINE AXLETEK | T80: 0 | V80: 12 | X80: 0 | Z80: -12 | AD80: 0 | AF80: 0 | AJ80: 0
E81: 11-200 (Oil cap 8K, 2-2/8" treads with rubber plug and rubber o-ring GENUINE AXLE... | F81: Axle Components:Caps - Kit | H81: 11-200 | J81: Oil cap 8K, 2-2/8" treads with rubber plug and rubber o-ring GENUINE AXLETEK | T81: 0 | V81: 9 | X81: 0 | Z81: -9 | AD81: 0 | AF81: 0 | AJ81: 0
E82: 11-205 (Oil cap for 10GD, 3.5" threads w/ rubber plug and rubber o-ring - GENUINE... | F82: Axle Components:Caps - Kit | H82: 11-205 | J82: Oil cap for 10GD, 3.5" threads w/ rubber plug and rubber o-ring - GENUINE AXLETEK | T82: 0 | V82: 9 | X82: 0 | Z82: -9 | AD82: 0 | AF82: 0 | AJ82: 0
E83: 11-210 (Oil cap for 10-16K, 4" threads w/ rubber plug and rubber o-ring - GENUINE... | F83: Axle Components:Caps - Kit | H83: 11-210 | J83: Oil cap for 10-16K, 4" threads w/ rubber plug and rubber o-ring - GENUINE AXLETEK | T83: 0 | V83: 9 | X83: 0 | Z83: -9 | AD83: 0 | AF83: 0 | AJ83: 0
E84: 11-225 (Oil cap KIT for 6-8K Hub ProAxle / DEXTER / LIPPERT, 2.875" Universal Th... | F84: Axle Components:Caps - Kit | H84: 11-225 | J84: Oil cap KIT for 6-8K Hub ProAxle / DEXTER / LIPPERT, 2.875" Universal Thread, Aluminum - GENUIN... | T84: 0 | V84: 3 | X84: 0 | Z84: -3 | AD84: 0 | AF84: 0 | AJ84: 0
E85: 11-226 (Oil cap KIT for 10K ProAxle / DEXTER 10KGD Hub, 3.50" Universal Thread, A... | F85: Axle Components:Caps - Kit | H85: 11-226 | J85: Oil cap KIT for 10K ProAxle / DEXTER 10KGD Hub, 3.50" Universal Thread, Aluminum - GENUINE AXLETEK | T85: 0 | V85: 3 | X85: 0 | Z85: -3 | AD85: 0 | AF85: 0 | AJ85: 0
E86: 11-227 (Oil cap KIT for 10-16K ProAxle / DEXTER Hub, 4.00" Universal Thread, Alu... | F86: Axle Components:Caps - Kit | H86: 11-227 | J86: Oil cap KIT for 10-16K ProAxle / DEXTER Hub, 4.00" Universal Thread, Aluminum - GENUINE AXLETEK | T86: -1 | V86: 3 | X86: 0 | Z86: -4 | AD86: 0 | AF86: 0 | AJ86: 0.2
D87: Total Assembly | T87: 182 | V87: 120 | X87: 0 | Z87: 62 | AD87: 0 | AJ87: 0.2
C88: Total Caps - Kit | T88: 532 | V88: 330 | X88: 0 | Z88: 202 | AD88: 700 | AJ88: 0.2
C89: Drum WE
D90: Assembly
E91: WSA100-865-4L (Wheel End, Straight, 10K 865 FSA LH 5/8"-18 UNF Yellow Stds) | F91: Axle Components:Drum WE | H91: WSA100-865-4L | J91: Wheel End, Straight, 10K 865 FSA LH 5/8"-18 UNF Yellow Stds | T91: 0 | V91: 0 | X91: 0 | Z91: 0 | AD91: 0 | AF91: 0 | AJ91: 0
E92: WSA100-865-4R (Wheel End, Straight, 10K 865 FSA RH 5/8"-18 UNF Yellow Stds) | F92: Axle Components:Drum WE | H92: WSA100-865-4R | J92: Wheel End, Straight, 10K 865 FSA RH 5/8"-18 UNF Yellow Stds | T92: 0 | V92: 0 | X92: 0 | Z92: 0 | AD92: 0 | AF92: 0 | AJ92: 0
E93: WSA120-865-4L (Wheel End, Straight, 12K 865 FSA LH 5/8"-18 UNF Yellow Stds) | F93: Axle Components:Drum WE | H93: WSA120-865-4L | J93: Wheel End, Straight, 12K 865 FSA LH 5/8"-18 UNF Yellow Stds | T93: 0 | V93: 0 | X93: 0 | Z93: 0 | AD93: 0 | AF93: 0 | AJ93: 0
E94: WSA120-865-4R (Wheel End, Straight, 12K 865 FSA RH 5/8"-18 UNF Yellow Stds) | F94: Axle Components:Drum WE | H94: WSA120-865-4R | J94: Wheel End, Straight, 12K 865 FSA RH 5/8"-18 UNF Yellow Stds | T94: 0 | V94: 0 | X94: 0 | Z94: 0 | AD94: 0 | AF94: 0 | AJ94: 0
E95: WSA35-545-1L (Wheel End, Straight, 3.5K 545 FSA LH 1/2"-20 UNF Yellow Stds) | F95: Axle Components:Drum WE | H95: WSA35-545-1L | J95: Wheel End, Straight, 3.5K 545 FSA LH 1/2"-20 UNF Yellow Stds | T95: 0 | V95: 0 | X95: 0 | Z95: 0 | AD95: 0 | AF95: 0 | AJ95: 0
E96: WSA35-545-1R (Wheel End, Straight, 3.5K 545 FSA RH 1/2"-20 UNF Yellow Stds) | F96: Axle Components:Drum WE | H96: WSA35-545-1R | J96: Wheel End, Straight, 3.5K 545 FSA RH 1/2"-20 UNF Yellow Stds | T96: 612 | V96: 0 | X96: 0 | Z96: 612 | AD96: 0 | AF96: 0 | AJ96: 0
E97: WSA35-550-1L (Wheel End, Straight, 3.5K 550 FSA LH 1/2"-20 UNF Yellow Stds) | F97: Axle Components:Drum WE | H97: WSA35-550-1L | J97: Wheel End, Straight, 3.5K 550 FSA LH 1/2"-20 UNF Yellow Stds | T97: 612 | V97: 0 | X97: 0 | Z97: 612 | AD97: 0 | AF97: 0 | AJ97: 0
E98: WSA35-550-1R (Wheel End, Straight, 3.5K 550 FSA RH 1/2"-20 UNF Yellow Stds) | F98: Axle Components:Drum WE | H98: WSA35-550-1R | J98: Wheel End, Straight, 3.5K 550 FSA RH 1/2"-20 UNF Yellow Stds | T98: 0 | V98: 0 | X98: 0 | Z98: 0 | AD98: 0 | AF98: 0 | AJ98: 0
E99: WSA35-655-1L (Wheel End, Straight, 3.5K 655 FSA LH 1/2"-20 UNF Yellow Stds) | F99: Axle Components:Drum WE | H99: WSA35-655-1L | J99: Wheel End, Straight, 3.5K 655 FSA LH 1/2"-20 UNF Yellow Stds | T99: 0 | V99: 0 | X99: 0 | Z99: 0 | AD99: 0 | AF99: 0 | AJ99: 0
E100: WSA35-655-1R (Wheel End, Straight, 3.5K 655 FSA RH 1/2"-20 UNF Yellow Stds) | F100: Axle Components:Drum WE | H100: WSA35-655-1R | J100: Wheel End, Straight, 3.5K 655 FSA RH 1/2"-20 UNF Yellow Stds | T100: 0 | V100: 0 | X100: 0 | Z100: 0 | AD100: 0 | AF100: 0 | AJ100: 0
...
